{
  "type": "FeatureCollection",
  "features": [
    {
      "type": "Feature",
      "geometry": {
        "type": "Polygon",
        "coordinates": [
          [
            [
              100.93493510564835,
              13.276317763983508
            ],
            [
              100.93493283783548,
              13.27620688087994
            ],
            [
              100.93492779252158,
              13.276096085684065
            ],
            [
              100.93491997274951,
              13.275985445134083
            ],
            [
              100.93490938323328,
              13.275875025874962
            ],
            [
              100.93489603035523,
              13.275764894418286
            ],
            [
              100.9348799221622,
              13.275655117102191
            ],
            [
              100.93486106836065,
              13.275545760051417
            ],
            [
              100.9348394803108,
              13.275436889137476
            ],
            [
              100.93481517101979,
              13.275328569938972
            ],
            [
              100.93478815513386,
              13.275220867702101
            ],
            [
              100.93475844892944,
              13.275113847301363
            ],
            [
              100.9347260703035,
              13.275007573200476
            ],
            [
              100.93469103876252,
              13.274902109413544
            ],
            [
              100.93465337541099,
              13.27479751946653
            ],
            [
              100.93461310293848,
              13.274693866358952
            ],
            [
              100.93457024560614,
              13.274591212525973
            ],
            [
              100.93452482923192,
              13.274489619800772
            ],
            [
              100.93447688117514,
              13.27438914937732
            ],
            [
              100.93442643031992,
              13.274289861773513
            ],
            [
              100.93437350705784,
              13.27419181679473
            ],
            [
              100.93431814326959,
              13.274095073497795
            ],
            [
              100.93426037230576,
              13.27399969015543
            ],
            [
              100.93420022896679,
              13.273905724221157
            ],
            [
              100.93413774948192,
              13.273813232294666
            ],
            [
              100.93407297148745,
              13.273722270087756
            ],
            [
              100.93400593400405,
              13.273632892390777
            ],
            [
              100.93393667741321,
              13.273545153039622
            ],
            [
              100.93386524343295,
              13.273459104883294
            ],
            [
              100.93379167509268,
              13.273374799752103
            ],
            [
              100.93371601670728,
              13.273292288426427
            ],
            [
              100.93363831385041,
              13.273211620606142
            ],
            [
              100.93355861332708,
              13.27313284488067
            ],
            [
              100.93347696314537,
              13.273056008699747
            ],
            [
              100.93339341248763,
              13.272981158344814
            ],
            [
              100.9333080116808,
              13.272908338901157
            ],
            [
              100.93322081216607,
              13.272837594230756
            ],
            [
              100.93313186646795,
              13.272768966945868
            ],
            [
              100.9330412281626,
              13.272702498383348
            ],
            [
              100.93294895184556,
              13.272638228579781
            ],
            [
              100.93285509309891,
              13.272576196247337
            ],
            [
              100.93275970845772,
              13.272516438750483
            ],
            [
              100.93266285537608,
              13.272458992083468
            ],
            [
              100.93256459219243,
              13.272403890848638
            ],
            [
              100.93246497809447,
              13.272351168235618
            ],
            [
              100.93236407308348,
              13.272300856001294
            ],
            [
              100.93226193793822,
              13.272252984450715
            ],
            [
              100.9321586341783,
              13.272207582418817
            ],
            [
              100.93205422402711,
              13.27216467725307
            ],
            [
              100.93194877037442,
              13.272124294797012
            ],
            [
              100.93184233673838,
              13.272086459374663
            ],
            [
              100.93173498722744,
              13.272051193775905
            ],
            [
              100.93162678650158,
              13.272018519242737
            ],
            [
              100.93151779973343,
              13.271988455456468
            ],
            [
              100.93140809256904,
              13.271961020525898
            ],
            [
              100.93129773108834,
              13.271936230976383
            ],
            [
              100.9311867817653,
              13.271914101739897
            ],
            [
              100.93107531142799,
              13.271894646146034
            ],
            [
              100.9309633872182,
              13.271877875913964
            ],
            [
              100.93085107655114,
              13.271863801145411
            ],
            [
              100.93073844707476,
              13.271852430318521
            ],
            [
              100.93062556662902,
              13.271843770282802
            ],
            [
              100.93051250320508,
              13.271837826254957
            ],
            [
              100.93039932490427,
              13.271834601815767
            ],
            [
              100.93028609989719,
              13.27183409890793
            ],
            [
              100.93017289638252,
              13.271836317834877
            ],
            [
              100.9300597825461,
              13.271841257260602
            ],
            [
              100.92994682651975,
              13.271848914210459
            ],
            [
              100.92983409634026,
              13.271859284072944
            ],
            [
              100.92972165990847,
              13.2718723606025
            ],
            [
              100.92960958494832,
              13.27188813592323
            ],
            [
              100.9294979389661,
              13.271906600533695
            ],
            [
              100.92938678920976,
              13.271927743312581
            ],
            [
              100.92927620262846,
              13.271951551525431
            ],
            [
              100.92916624583219,
              13.27197801083231
            ],
            [
              100.92905698505172,
              13.27200710529641
            ],
            [
              100.92894848609866,
              13.272038817393689
            ],
            [
              100.92884081432584,
              13.272073128023397
            ],
            [
              100.92873403458796,
              13.272110016519582
            ],
            [
              100.92862821120254,
              13.272149460663536
            ],
            [
              100.92852340791113,
              13.272191436697177
            ],
            [
              100.928419687841,
              13.272235919337367
            ],
            [
              100.92831711346707,
              13.2722828817911
            ],
            [
              100.92821574657427,
              13.27233229577169
            ],
            [
              100.92811564822037,
              13.27238413151576
            ],
            [
              100.92801687869918,
              13.272438357801198
            ],
            [
              100.92791949750425,
              13.272494941965935
            ],
            [
              100.927823563293,
              13.27255384992763
            ],
            [
              100.92772913385146,
              13.272615046204198
            ],
            [
              100.92763626605938,
              13.272678493935166
            ],
            [
              100.92754501585605,
              13.272744154903878
            ],
            [
              100.92745543820654,
              13.272811989560514
            ],
            [
              100.92736758706866,
              13.272881957045906
            ],
            [
              100.92728151536036,
              13.272954015216145
            ],
            [
              100.92719727492796,
              13.273028120667965
            ],
            [
              100.9271149165149,
              13.273104228764868
            ],
            [
              100.92703448973107,
              13.273182293664037
            ],
            [
              100.92695604302308,
              13.27326226834392
            ],
            [
              100.92687962364496,
              13.273344104632558
            ],
            [
              100.92680527762975,
              13.273427753236595
            ],
            [
              100.92673304976175,
              13.273513163770975
            ],
            [
              100.92666298354955,
              13.273600284789275
            ],
            [
              100.92659512119984,
              13.273689063814702
            ],
            [
              100.92652950359191,
              13.27377944737169
            ],
            [
              100.92646617025308,
              13.273871381018113
            ],
            [
              100.92640515933493,
              13.273964809378077
            ],
            [
              100.92634650759021,
              13.274059676175266
            ],
            [
              100.92629025035073,
              13.274155924266838
            ],
            [
              100.92623642150616,
              13.274253495677856
            ],
            [
              100.92618505348347,
              13.274352331636186
            ],
            [
              100.9261361772275,
              13.274452372607914
            ],
            [
              100.92608982218228,
              13.274553558333185
            ],
            [
              100.92604601627323,
              13.274655827862526
            ],
            [
              100.92600478589047,
              13.27475911959353
            ],
            [
              100.92596615587274,
              13.274863371307974
            ],
            [
              100.92593014949257,
              13.274968520209294
            ],
            [
              100.92589678844222,
              13.275074502960415
            ],
            [
              100.92586609282054,
              13.275181255721883
            ],
            [
              100.92583808112093,
              13.275288714190335
            ],
            [
              100.92581277022016,
              13.275396813637226
            ],
            [
              100.92579017536825,
              13.275505488947822
            ],
            [
              100.92577031017913,
              13.275614674660417
            ],
            [
              100.92575318662261,
              13.275724305005761
            ],
            [
              100.92573881501706,
              13.275834313946687
            ],
            [
              100.92572720402318,
              13.275944635217877
            ],
            [
              100.92571836063881,
              13.276055202365791
            ],
            [
              100.9257122901947,
              13.276165948788684
            ],
            [
              100.92570899635129,
              13.276276807776734
            ],
            [
              100.92570848109648,
              13.27638771255222
            ],
            [
              100.92571074474439,
              13.276498596309757
            ],
            [
              100.92571578593531,
              13.276609392256518
            ],
            [
              100.9257236016363,
              13.276720033652493
            ],
            [
              100.92573418714318,
              13.276830453850687
            ],
            [
              100.92574753608321,
              13.276940586337245
            ],
            [
              100.92576364041909,
              13.27705036477155
            ],
            [
              100.92578249045364,
              13.277159723026166
            ],
            [
              100.92580407483571,
              13.27726859522669
            ],
            [
              100.92582838056698,
              13.27737691579141
            ],
            [
              100.92585539300983,
              13.277484619470838
            ],
            [
              100.92588509589605,
              13.27759164138701
            ],
            [
              100.92591747133675,
              13.277697917072546
            ],
            [
              100.92595249983307,
              13.277803382509523
            ],
            [
              100.92599016028787,
              13.277907974168015
            ],
            [
              100.92603043001854,
              13.27801162904437
            ],
            [
              100.92607328477058,
              13.278114284699173
            ],
            [
              100.92611869873221,
              13.278215879294843
            ],
            [
              100.92616664454997,
              13.278316351632913
            ],
            [
              100.92621709334507,
              13.278415641190874
            ],
            [
              100.92627001473095,
              13.278513688158634
            ],
            [
              100.9263253768314,
              13.278610433474583
            ],
            [
              100.92638314629993,
              13.27870581886113
            ],
            [
              100.92644328833967,
              13.278799786859832
            ],
            [
              100.92650576672455,
              13.278892280866028
            ],
            [
              100.92657054382086,
              13.278983245162902
            ],
            [
              100.92663758061016,
              13.27907262495507
            ],
            [
              100.92670683671258,
              13.279160366401603
            ],
            [
              100.92677827041132,
              13.279246416648432
            ],
            [
              100.9268518386776,
              13.279330723860225
            ],
            [
              100.92692749719679,
              13.279413237251582
            ],
            [
              100.92700520039482,
              13.279493907117661
            ],
            [
              100.92708490146593,
              13.279572684864101
            ],
            [
              100.92716655240066,
              13.279649523036305
            ],
            [
              100.9272501040149,
              13.279724375348032
            ],
            [
              100.92733550597937,
              13.279797196709278
            ],
            [
              100.92742270685011,
              13.279867943253448
            ],
            [
              100.92751165409933,
              13.279936572363773
            ],
            [
              100.92760229414715,
              13.280003042698993
            ],
            [
              100.92769457239382,
              13.280067314218263
            ],
            [
              100.92778843325262,
              13.28012934820527
            ],
            [
              100.92788382018337,
              13.280189107291562
            ],
            [
              100.9279806757265,
              13.280246555479067
            ],
            [
              100.9280789415376,
              13.28030165816177
            ],
            [
              100.92817855842267,
              13.28035438214656
            ],
            [
              100.92827946637371,
              13.280404695673246
            ],
            [
              100.92838160460487,
              13.28045256843367
            ],
            [
              100.92848491158911,
              13.280497971589975
            ],
            [
              100.92858932509526,
              13.280540877791989
            ],
            [
              100.9286947822255,
              13.280581261193669
            ],
            [
              100.92880121945325,
              13.280619097468719
            ],
            [
              100.92890857266146,
              13.280654363825208
            ],
            [
              100.92901677718122,
              13.280687039019313
            ],
            [
              100.92912576783077,
              13.280717103368122
            ],
            [
              100.92923547895468,
              13.280744538761487
            ],
            [
              100.92934584446351,
              13.280769328672939
            ],
            [
              100.92945679787357,
              13.280791458169626
            ],
            [
              100.92956827234697,
              13.280810913921334
            ],
            [
              100.92968020073192,
              13.280827684208502
            ],
            [
              100.92979251560318,
              13.28084175892929
            ],
            [
              100.92990514930266,
              13.280853129605651
            ],
            [
              100.93001803398022,
              13.28086178938845
            ],
            [
              100.93013110163453,
              13.280867733061587
            ],
            [
              100.93024428415403,
              13.28087095704514
            ],
            [
              100.93035751335799,
              13.280871459397503
            ],
            [
              100.9304707210376,
              13.280869239816589
            ],
            [
              100.930583838997,
              13.280864299639976
            ],
            [
              100.93069679909442,
              13.280856641844125
            ],
            [
              100.93080953328328,
              13.280846271042568
            ],
            [
              100.93092197365307,
              13.280833193483133
            ],
            [
              100.93103405247038,
              13.280817417044187
            ],
            [
              100.93114570221961,
              13.28079895122988
            ],
            [
              100.93125685564374,
              13.280777807164416
            ],
            [
              100.93136744578477,
              13.280753997585345
            ],
            [
              100.93147740602413,
              13.28072753683591
            ],
            [
              100.93158667012277,
              13.280698440856378
            ],
            [
              100.9316951722611,
              13.280666727174449
            ],
            [
              100.93180284707857,
              13.280632414894693
            ],
            [
              100.93190962971318,
              13.280595524687035
            ],
            [
              100.93201545584043,
              13.2805560787743
            ],
            [
              100.93212026171214,
              13.28051410091884
            ],
            [
              100.93222398419483,
              13.28046961640818
            ],
            [
              100.93232656080782,
              13.280422652039826
            ],
            [
              100.93242792976073,
              13.280373236105087
            ],
            [
              100.93252802999083,
              13.280321398372035
            ],
            [
              100.93262680119983,
              13.280267170067587
            ],
            [
              100.93272418389007,
              13.280210583858663
            ],
            [
              100.93282011940055,
              13.280151673832538
            ],
            [
              100.9329145499421,
              13.280090475476271
            ],
            [
              100.9330074186323,
              13.280027025655338
            ],
            [
              100.93309866952974,
              13.27996136259143
            ],
            [
              100.93318824766764,
              13.279893525839423
            ],
            [
              100.93327609908707,
              13.279823556263526
            ],
            [
              100.93336217086934,
              13.27975149601269
            ],
            [
              100.93344641116796,
              13.279677388495186
            ],
            [
              100.93352876923987,
              13.279601278352489
            ],
            [
              100.93360919547592,
              13.279523211432352
            ],
            [
              100.9336876414309,
              13.279443234761189
            ],
            [
              100.9337640598525,
              13.279361396515759
            ],
            [
              100.93383840471007,
              13.27927774599413
            ],
            [
              100.93391063122206,
              13.279192333585979
            ],
            [
              100.93398069588315,
              13.279105210742248
            ],
            [
              100.9340485564904,
              13.279016429944116
            ],
            [
              100.9341141721687,
              13.278926044671426
            ],
            [
              100.93417750339538,
              13.278834109370443
            ],
            [
              100.93423851202395,
              13.27874067942104
            ],
            [
              100.93429716130721,
              13.278645811103363
            ],
            [
              100.93435341591922,
              13.278549561563917
            ],
            [
              100.93440724197669,
              13.278451988781123
            ],
            [
              100.93445860705933,
              13.278353151530434
            ],
            [
              100.9345074802294,
              13.278253109348862
            ],
            [
              100.93455383205031,
              13.278151922499182
            ],
            [
              100.93459763460437,
              13.27804965193358
            ],
            [
              100.93463886150961,
              13.277946359256948
            ],
            [
              100.93467748793562,
              13.277842106689802
            ],
            [
              100.93471349061852,
              13.27773695703075
            ],
            [
              100.93474684787498,
              13.277630973618699
            ],
            [
              100.93477753961528,
              13.277524220294687
            ],
            [
              100.93480554735534,
              13.277416761363439
            ],
            [
              100.93483085422798,
              13.277308661554612
            ],
            [
              100.93485344499288,
              13.277199985983815
            ],
            [
              100.93487330604592,
              13.277090800113374
            ],
            [
              100.93489042542726,
              13.27698116971293
            ],
            [
              100.93490479282862,
              13.276871160819775
            ],
            [
              100.9349163995994,
              13.27676083969911
            ],
            [
              100.93492523875194,
              13.276650272804119
            ],
            [
              100.93493130496569,
              13.276539526735933
            ],
            [
              100.9349345945904,
              13.27642866820352
            ],
            [
              100.93493510564835,
              13.276317763983508
            ]
          ]
        ]
      },
      "properties": {
        "ชื่อร้าน": "หม่าล่าสายแดรกบางแสน",
        "ประเภท": "เสียบไม้",
        "แหล่งท่องเที่ยว_500m": "ไม่มี",
        "แหล่งท่องเที่ยว_1000m": "ตลาด Wanna Park",
        "buffer_m": 500
      }
    },
    {
      "type": "Feature",
      "geometry": {
        "type": "Polygon",
        "coordinates": [
          [
            [
              100.93191493358795,
              13.287949488638139
            ],
            [
              100.93191266628058,
              13.287838605429696
            ],
            [
              100.93190762133457,
              13.287727810114179
            ],
            [
              100.93189980179257,
              13.287617169429863
            ],
            [
              100.93188921236842,
              13.287506750021802
            ],
            [
              100.93187585944443,
              13.28739661840166
            ],
            [
              100.93185975106746,
              13.287286840907678
            ],
            [
              100.9318408969441,
              13.287177483664708
            ],
            [
              100.93181930843474,
              13.287068612544365
            ],
            [
              100.93179499854683,
              13.286960293125391
            ],
            [
              100.93176798192697,
              13.286852590654112
            ],
            [
              100.93173827485204,
              13.286745570005163
            ],
            [
              100.93170589521951,
              13.286639295642415
            ],
            [
              100.9316708625365,
              13.286533831580135
            ],
            [
              100.93163319790816,
              13.28642924134444
            ],
            [
              100.93159292402488,
              13.286325587935034
            ],
            [
              100.93155006514858,
              13.286222933787247
            ],
            [
              100.93150464709824,
              13.286121340734464
            ],
            [
              100.93145669723414,
              13.286020869970839
            ],
            [
              100.9314062444415,
              13.285921582014481
            ],
            [
              100.93135331911307,
              13.28582353667097
            ],
            [
              100.93129795313078,
              13.285726792997357
            ],
            [
              100.93124017984657,
              13.285631409266596
            ],
            [
              100.93118003406224,
              13.285537442932426
            ],
            [
              100.93111755200854,
              13.285444950594785
            ],
            [
              100.93105277132332,
              13.28535398796573
            ],
            [
              100.93098573102885,
              13.285264609835846
            ],
            [
              100.93091647150831,
              13.285176870041289
            ],
            [
              100.93084503448152,
              13.285090821431336
            ],
            [
              100.9307714629797,
              13.285006515836555
            ],
            [
              100.93069580131967,
              13.28492400403762
            ],
            [
              100.93061809507702,
              13.28484333573467
            ],
            [
              100.9305383910588,
              13.284764559517438
            ],
            [
              100.93045673727524,
              13.284687722835939
            ],
            [
              100.93037318291083,
              13.284612871971916
            ],
            [
              100.93028777829475,
              13.284540052010964
            ],
            [
              100.93020057487048,
              13.28446930681538
            ],
            [
              100.9301116251649,
              13.284400678997718
            ],
            [
              100.93002098275655,
              13.284334209895164
            ],
            [
              100.92992870224349,
              13.284269939544618
            ],
            [
              100.92983483921029,
              13.284207906658585
            ],
            [
              100.9297394501946,
              13.284148148601863
            ],
            [
              100.92964259265318,
              13.284090701369035
            ],
            [
              100.92954432492711,
              13.284035599562788
            ],
            [
              100.92944470620687,
              13.283982876373084
            ],
            [
              100.92934379649648,
              13.283932563557164
            ],
            [
              100.92924165657756,
              13.283884691420411
            ],
            [
              100.92913834797257,
              13.283839288798124
            ],
            [
              100.92903393290786,
              13.283796383038121
            ],
            [
              100.9289284742761,
              13.283755999984303
            ],
            [
              100.9288220355985,
              13.283718163961046
            ],
            [
              100.92871468098649,
              13.283682897758588
            ],
            [
              100.92860647510312,
              13.283650222619286
            ],
            [
              100.92849748312416,
              13.283620158224824
            ],
            [
              100.92838777069878,
              13.283592722684363
            ],
            [
              100.92827740391009,
              13.283567932523617
            ],
            [
              100.92816644923523,
              13.283545802674938
            ],
            [
              100.9280549735055,
              13.283526346468278
            ],
            [
              100.92794304386595,
              13.283509575623185
            ],
            [
              100.92783072773503,
              13.28349550024174
            ],
            [
              100.92771809276401,
              13.283484128802463
            ],
            [
              100.92760520679613,
              13.283475468155228
            ],
            [
              100.92749213782588,
              13.283469523517105
            ],
            [
              100.92737895395793,
              13.283466298469246
            ],
            [
              100.92726572336622,
              13.283465794954706
            ],
            [
              100.92715251425282,
              13.283468013277295
            ],
            [
              100.92703939480691,
              13.283472952101352
            ],
            [
              100.92692643316369,
              13.283480608452603
            ],
            [
              100.92681369736333,
              13.283490977719907
            ],
            [
              100.92670125531006,
              13.283504053658051
            ],
            [
              100.9265891747312,
              13.283519828391517
            ],
            [
              100.92647752313641,
              13.283538292419196
            ],
            [
              100.92636636777705,
              13.283559434620138
            ],
            [
              100.9262557756056,
              13.283583242260228
            ],
            [
              100.92614581323546,
              13.283609700999879
            ],
            [
              100.92603654690072,
              13.283638794902625
            ],
            [
              100.92592804241634,
              13.283670506444762
            ],
            [
              100.9258203651385,
              13.283704816525875
            ],
            [
              100.92571357992522,
              13.283741704480338
            ],
            [
              100.92560775109725,
              13.283781148089776
            ],
            [
              100.92550294239949,
              13.283823123596427
            ],
            [
              100.92539921696242,
              13.283867605717468
            ],
            [
              100.92529663726418,
              13.283914567660213
            ],
            [
              100.92519526509295,
              13.28396398113828
            ],
            [
              100.92509516150965,
              13.284015816388594
            ],
            [
              100.92499638681123,
              13.284070042189343
            ],
            [
              100.92489900049436,
              13.284126625878754
            ],
            [
              100.92480306121956,
              13.28418553337477
            ],
            [
              100.9247086267759,
              13.284246729195583
            ],
            [
              100.92461575404612,
              13.28431017648101
            ],
            [
              100.92452449897252,
              13.28437583701465
            ],
            [
              100.92443491652305,
              13.284443671246958
            ],
            [
              100.92434706065845,
              13.284513638319012
            ],
            [
              100.92426098429952,
              13.28458569608716
            ],
            [
              100.92417673929538,
              13.284659801148372
            ],
            [
              100.92409437639216,
              13.284735908866399
            ],
            [
              100.92401394520253,
              13.284813973398652
            ],
            [
              100.92393549417572,
              13.284893947723793
            ],
            [
              100.92385907056837,
              13.284975783670083
            ],
            [
              100.92378472041605,
              13.28505943194437
            ],
            [
              100.92371248850559,
              13.28514484216181
            ],
            [
              100.92364241834797,
              13.28523196287616
            ],
            [
              100.92357455215226,
              13.28532074161082
            ],
            [
              100.9235089308001,
              13.285411124890393
            ],
            [
              100.92344559382106,
              13.28550305827293
            ],
            [
              100.92338457936887,
              13.285596486382694
            ],
            [
              100.92332592419845,
              13.28569135294352
            ],
            [
              100.9232696636437,
              13.285787600812718
            ],
            [
              100.92321583159621,
              13.28588517201548
            ],
            [
              100.92316446048494,
              13.285984007779795
            ],
            [
              100.92311558125658,
              13.286084048571874
            ],
            [
              100.92306922335693,
              13.286185234131977
            ],
            [
              100.92302541471318,
              13.28628750351072
            ],
            [
              100.92298418171704,
              13.2863907951058
            ],
            [
              100.92294554920888,
              13.28649504669907
            ],
            [
              100.9229095404627,
              13.286600195494048
            ],
            [
              100.92287617717217,
              13.286706178153715
            ],
            [
              100.92284547943754,
              13.286812930838678
            ],
            [
              100.92281746575344,
              13.286920389245624
            ],
            [
              100.92279215299789,
              13.287028488646047
            ],
            [
              100.92276955642197,
              13.28713716392524
            ],
            [
              100.9227496896407,
              13.287246349621517
            ],
            [
              100.92273256462484,
              13.28735597996564
            ],
            [
              100.92271819169362,
              13.287465988920445
            ],
            [
              100.92270657950856,
              13.28757631022061
            ],
            [
              100.92269773506821,
              13.287686877412563
            ],
            [
              100.92269166370399,
              13.287797623894555
            ],
            [
              100.92268836907685,
              13.28790848295672
            ],
            [
              100.92268785317522,
              13.28801938782129
            ],
            [
              100.92269011631358,
              13.28813027168283
            ],
            [
              100.92269515713252,
              13.288241067748453
            ],
            [
              100.92270297259935,
              13.288351709278079
            ],
            [
              100.92271355801,
              13.288462129624623
            ],
            [
              100.92272690699187,
              13.288572262274153
            ],
            [
              100.92274301150756,
              13.28868204088595
            ],
            [
              100.92276186185983,
              13.288791399332478
            ],
            [
              100.9227834466973,
              13.288900271739202
            ],
            [
              100.92280775302142,
              13.289008592524302
            ],
            [
              100.92283476619419,
              13.289116296438152
            ],
            [
              100.922864469947,
              13.289223318602641
            ],
            [
              100.9228968463904,
              13.289329594550251
            ],
            [
              100.92293187602495,
              13.289435060262893
            ],
            [
              100.92296953775282,
              13.289539652210474
            ],
            [
              100.92300980889065,
              13.289643307389166
            ],
            [
              100.92305266518308,
              13.289745963359383
            ],
            [
              100.92309808081743,
              13.289847558283343
            ],
            [
              100.92314602843918,
              13.289948030962382
            ],
            [
              100.92319647916852,
              13.290047320873784
            ],
            [
              100.92324940261769,
              13.290145368207252
            ],
            [
              100.92330476690927,
              13.29024211390094
            ],
            [
              100.9233625386954,
              13.29033749967704
            ],
            [
              100.9234226831779,
              13.290431468076877
            ],
            [
              100.92348516412913,
              13.290523962495532
            ],
            [
              100.92354994391393,
              13.290614927215946
            ],
            [
              100.92361698351218,
              13.290704307442487
            ],
            [
              100.92368624254236,
              13.290792049333954
            ],
            [
              100.92375767928586,
              13.29087810003601
            ],
            [
              100.92383125071213,
              13.290962407713046
            ],
            [
              100.92390691250455,
              13.29104492157939
            ],
            [
              100.92398461908718,
              13.291125591929902
            ],
            [
              100.92406432365216,
              13.291204370169924
            ],
            [
              100.92414597818797,
              13.291281208844573
            ],
            [
              100.92422953350825,
              13.291356061667294
            ],
            [
              100.92431493928157,
              13.29142888354778
            ],
            [
              100.92440214406166,
              13.291499630619116
            ],
            [
              100.92449109531836,
              13.291568260264214
            ],
            [
              100.92458173946937,
              13.291634731141494
            ],
            [
              100.92467402191248,
              13.291699003209779
            ],
            [
              100.92476788705845,
              13.291761037752424
            ],
            [
              100.9248632783645,
              13.291820797400643
            ],
            [
              100.92496013836842,
              13.291878246156024
            ],
            [
              100.92505840872315,
              13.2919333494122
            ],
            [
              100.9251580302319,
              13.291986073975732
            ],
            [
              100.9252589428839,
              13.292036388086055
            ],
            [
              100.92536108589049,
              13.29208426143467
            ],
            [
              100.92546439772173,
              13.29212966518336
            ],
            [
              100.92556881614355,
              13.292172571981594
            ],
            [
              100.92567427825514,
              13.292212955982977
            ],
            [
              100.92578072052693,
              13.29225079286084
            ],
            [
              100.92588807883884,
              13.292286059822887
            ],
            [
              100.92599628851886,
              13.292318735624939
            ],
            [
              100.92610528438213,
              13.292348800583703
            ],
            [
              100.92621500077009,
              13.292376236588671
            ],
            [
              100.92632537159012,
              13.292401027113
            ],
            [
              100.9264363303553,
              13.29242315722347
            ],
            [
              100.92654781022455,
              13.292442613589493
            ],
            [
              100.92665974404282,
              13.292459384491142
            ],
            [
              100.92677206438157,
              13.292473459826192
            ],
            [
              100.92688470357943,
              13.292484831116242
            ],
            [
              100.92699759378294,
              13.29249349151178
            ],
            [
              100.92711066698745,
              13.292499435796328
            ],
            [
              100.92722385507804,
              13.292502660389601
            ],
            [
              100.92733708987063,
              13.292503163349632
            ],
            [
              100.92745030315302,
              13.292500944373955
            ],
            [
              100.92756342672598,
              13.292496004799787
            ],
            [
              100.9276763924444,
              13.292488347603227
            ],
            [
              100.92778913225824,
              13.292477977397441
            ],
            [
              100.92790157825365,
              13.29246490042991
            ],
            [
              100.92801366269377,
              13.292449124578626
            ],
            [
              100.92812531805967,
              13.292430659347396
            ],
            [
              100.92823647709092,
              13.292409515860065
            ],
            [
              100.92834707282614,
              13.292385706853846
            ],
            [
              100.92845703864339,
              13.292359246671628
            ],
            [
              100.92856630830023,
              13.292330151253338
            ],
            [
              100.92867481597374,
              13.292298438126343
            ],
            [
              100.92878249630004,
              13.29226412639487
            ],
            [
              100.9288892844138,
              13.292227236728522
            ],
            [
              100.92899511598722,
              13.292187791349795
            ],
            [
              100.92909992726882,
              13.292145814020715
            ],
            [
              100.92920365512191,
              13.292101330028505
            ],
            [
              100.92930623706249,
              13.292054366170342
            ],
            [
              100.92940761129702,
              13.292004950737235
            ],
            [
              100.92950771675959,
              13.29195311349696
            ],
            [
              100.92960649314873,
              13.291898885676128
            ],
            [
              100.92970388096366,
              13.291842299941381
            ],
            [
              100.9297998215403,
              13.2917833903797
            ],
            [
              100.92989425708643,
              13.291722192477865
            ],
            [
              100.92998713071663,
              13.291658743101086
            ],
            [
              100.93007838648646,
              13.29159308047079
            ],
            [
              100.93016796942626,
              13.291525244141578
            ],
            [
              100.93025582557416,
              13.29145527497742
            ],
            [
              100.93034190200864,
              13.291383215127007
            ],
            [
              100.93042614688042,
              13.291309107998389
            ],
            [
              100.93050850944364,
              13.291232998232797
            ],
            [
              100.9305889400865,
              13.291154931677758
            ],
            [
              100.93066739036108,
              13.291074955359472
            ],
            [
              100.93074381301254,
              13.29099311745448
            ],
            [
              100.93081816200761,
              13.29090946726065
            ],
            [
              100.93089039256228,
              13.29082405516747
            ],
            [
              100.93096046116878,
              13.290736932625682
            ],
            [
              100.93102832562181,
              13.290648152116297
            ],
            [
              100.93109394504393,
              13.290557767118985
            ],
            [
              100.93115727991021,
              13.29046583207983
            ],
            [
              100.93121829207202,
              13.290372402378567
            ],
            [
              100.93127694477995,
              13.29027753429519
            ],
            [
              100.93133320270606,
              13.29018128497606
            ],
            [
              100.93138703196504,
              13.29008371239948
            ],
            [
              100.93143840013468,
              13.289984875340759
            ],
            [
              100.93148727627536,
              13.289884833336819
            ],
            [
              100.93153363094875,
              13.28978364665031
            ],
            [
              100.9315774362354,
              13.289681376233332
            ],
            [
              100.93161866575171,
              13.28957808369069
            ],
            [
              100.93165729466568,
              13.289473831242814
            ],
            [
              100.93169329971198,
              13.289368681688247
            ],
            [
              100.93172665920585,
              13.289262698365837
            ],
            [
              100.93175735305617,
              13.289155945116567
            ],
            [
              100.93178536277767,
              13.289048486245115
            ],
            [
              100.93181067150189,
              13.288940386481105
            ],
            [
              100.93183326398749,
              13.288831710940125
            ],
            [
              100.93185312662924,
              13.28872252508448
            ],
            [
              100.93187024746639,
              13.288612894683805
            ],
            [
              100.93188461618978,
              13.288502885775394
            ],
            [
              100.931896224148,
              13.28839256462446
            ],
            [
              100.9319050643527,
              13.288281997684198
            ],
            [
              100.93191113148269,
              13.288171251555779
            ],
            [
              100.93191442188716,
              13.288060392948205
            ],
            [
              100.93191493358795,
              13.287949488638139
            ]
          ]
        ]
      },
      "properties": {
        "ชื่อร้าน": "สถานี.หม่าล่า",
        "ประเภท": "เสียบไม้",
        "แหล่งท่องเที่ยว_500m": "พิพิธภัณฑ์สัตว์น้ำบางแสน, แหลมทอง (Laemtong)",
        "แหล่งท่องเที่ยว_1000m": "ไม่มี",
        "buffer_m": 500
      }
    },
    {
      "type": "Feature",
      "geometry": {
        "type": "Polygon",
        "coordinates": [
          [
            [
              100.93396832107165,
              13.282290466048991
            ],
            [
              100.93396605325339,
              13.282179582933104
            ],
            [
              100.93396100786458,
              13.282068787723686
            ],
            [
              100.93395318794812,
              13.281958147158948
            ],
            [
              100.93394259821811,
              13.281847727883862
            ],
            [
              100.93392924505702,
              13.281737596410018
            ],
            [
              100.93391313651186,
              13.281627819075574
            ],
            [
              100.93389428228929,
              13.281518462005272
            ],
            [
              100.93387269374982,
              13.281409591070636
            ],
            [
              100.93384838390087,
              13.281301271850285
            ],
            [
              100.933821367389,
              13.28119356959043
            ],
            [
              100.93379166049107,
              13.281086549165579
            ],
            [
              100.93375928110439,
              13.280980275039468
            ],
            [
              100.93372424873598,
              13.280874811226225
            ],
            [
              100.93368658449077,
              13.280770221251812
            ],
            [
              100.93364631105894,
              13.28066656811577
            ],
            [
              100.93360345270212,
              13.280563914253277
            ],
            [
              100.93355803523895,
              13.280462321497533
            ],
            [
              100.93351008602937,
              13.280361851042526
            ],
            [
              100.93345963395825,
              13.280262563406172
            ],
            [
              100.93340670941788,
              13.280164518393864
            ],
            [
              100.93335134428968,
              13.280067775062452
            ],
            [
              100.93329357192509,
              13.279972391684675
            ],
            [
              100.93323342712537,
              13.279878425714074
            ],
            [
              100.93317094612067,
              13.27978593375036
            ],
            [
              100.9331061665482,
              13.279694971505362
            ],
            [
              100.93303912742957,
              13.279605593769444
            ],
            [
              100.93296986914724,
              13.279517854378517
            ],
            [
              100.93289843342028,
              13.279431806181623
            ],
            [
              100.93282486327914,
              13.279347501009083
            ],
            [
              100.9327492030398,
              13.279264989641302
            ],
            [
              100.93267149827702,
              13.279184321778176
            ],
            [
              100.93259179579694,
              13.279105546009166
            ],
            [
              100.93251014360885,
              13.27902870978402
            ],
            [
              100.93242659089631,
              13.27895385938421
            ],
            [
              100.93234118798749,
              13.278881039895046
            ],
            [
              100.93225398632484,
              13.278810295178543
            ],
            [
              100.93216503843418,
              13.27874166784697
            ],
            [
              100.93207439789295,
              13.27867519923722
            ],
            [
              100.93198211929808,
              13.278610929385902
            ],
            [
              100.931888258233,
              13.278548897005216
            ],
            [
              100.9317928712342,
              13.278489139459655
            ],
            [
              100.93169601575715,
              13.278431692743496
            ],
            [
              100.93159775014178,
              13.278376591459121
            ],
            [
              100.9314981335772,
              13.278323868796168
            ],
            [
              100.93139722606621,
              13.27827355651157
            ],
            [
              100.93129508838908,
              13.278225684910396
            ],
            [
              100.93119178206692,
              13.278180282827611
            ],
            [
              100.93108736932469,
              13.278137377610722
            ],
            [
              100.93098191305369,
              13.278096995103283
            ],
            [
              100.93087547677369,
              13.278059159629363
            ],
            [
              100.93076812459466,
              13.278023893978862
            ],
            [
              100.93065992117826,
              13.277991219393806
            ],
            [
              100.93055093169868,
              13.277961155555545
            ],
            [
              100.93044122180365,
              13.277933720572905
            ],
            [
              100.93033085757472,
              13.27790893097127
            ],
            [
              100.93021990548752,
              13.277886801682655
            ],
            [
              100.93010843237175,
              13.27786734603667
            ],
            [
              100.92999650537094,
              13.277850575752531
            ],
            [
              100.92988419190193,
              13.277836500931976
            ],
            [
              100.92977155961435,
              13.277825130053197
            ],
            [
              100.92965867634989,
              13.277816469965725
            ],
            [
              100.92954561010137,
              13.277810525886293
            ],
            [
              100.92943242897184,
              13.277807301395724
            ],
            [
              100.9293192011336,
              13.277806798436734
            ],
            [
              100.92920599478703,
              13.277809017312785
            ],
            [
              100.92909287811968,
              13.277813956687906
            ],
            [
              100.92897991926505,
              13.277821613587477
            ],
            [
              100.92886718626166,
              13.277831983400032
            ],
            [
              100.92875474701204,
              13.27784505988004
            ],
            [
              100.92864266924181,
              13.277860835151634
            ],
            [
              100.92853102045896,
              13.2778792997134
            ],
            [
              100.92841986791316,
              13.277900442444059
            ],
            [
              100.92830927855519,
              13.277924250609178
            ],
            [
              100.92819931899677,
              13.277950709868854
            ],
            [
              100.92809005547028,
              13.27797980428631
            ],
            [
              100.92798155378901,
              13.278011516337532
            ],
            [
              100.92787387930741,
              13.278045826921794
            ],
            [
              100.92776709688185,
              13.278082715373172
            ],
            [
              100.92766127083142,
              13.278122159472987
            ],
            [
              100.92755646489931,
              13.278164135463188
            ],
            [
              100.92745274221437,
              13.278208618060653
            ],
            [
              100.92735016525307,
              13.278255580472413
            ],
            [
              100.92724879580193,
              13.278304994411798
            ],
            [
              100.92714869492023,
              13.278356830115467
            ],
            [
              100.92704992290334,
              13.278411056361326
            ],
            [
              100.92695253924627,
              13.27846764048733
            ],
            [
              100.92685660260796,
              13.278526548411167
            ],
            [
              100.92676217077586,
              13.27858774465077
            ],
            [
              100.9266693006312,
              13.27865119234569
            ],
            [
              100.92657804811465,
              13.278716853279295
            ],
            [
              100.92648846819272,
              13.278784687901792
            ],
            [
              100.92640061482452,
              13.278854655354024
            ],
            [
              100.9263145409294,
              13.278926713492107
            ],
            [
              100.926230298355,
              13.279000818912792
            ],
            [
              100.92614793784598,
              13.279076926979613
            ],
            [
              100.92606750901358,
              13.279154991849762
            ],
            [
              100.92598906030558,
              13.2792349665017
            ],
            [
              100.92591263897724,
              13.279316802763496
            ],
            [
              100.92583829106277,
              13.279400451341811
            ],
            [
              100.92576606134764,
              13.279485861851597
            ],
            [
              100.92569599334152,
              13.279572982846451
            ],
            [
              100.92562812925216,
              13.279661761849598
            ],
            [
              100.92556250995996,
              13.27975214538548
            ],
            [
              100.92549917499322,
              13.279844079011992
            ],
            [
              100.92543816250449,
              13.279937507353248
            ],
            [
              100.92537950924748,
              13.280032374132944
            ],
            [
              100.92532325055494,
              13.280128622208252
            ],
            [
              100.92526942031736,
              13.280226193604245
            ],
            [
              100.92521805096258,
              13.280325029548798
            ],
            [
              100.92516917343627,
              13.280425070508006
            ],
            [
              100.92512281718317,
              13.280526256222021
            ],
            [
              100.92507901012947,
              13.280628525741383
            ],
            [
              100.92503777866594,
              13.280731817463689
            ],
            [
              100.92499914763202,
              13.280836069170718
            ],
            [
              100.92496314030085,
              13.280941218065916
            ],
            [
              100.92492977836523,
              13.281047200812207
            ],
            [
              100.92489908192454,
              13.281153953570147
            ],
            [
              100.92487106947272,
              13.281261412036372
            ],
            [
              100.92484575788697,
              13.281369511482348
            ],
            [
              100.92482316241771,
              13.28147818679333
            ],
            [
              100.92480329667927,
              13.281587372507614
            ],
            [
              100.92478617264177,
              13.281697002855955
            ],
            [
              100.9247718006239,
              13.28180701180118
            ],
            [
              100.92476018928657,
              13.281917333077976
            ],
            [
              100.92475134562787,
              13.282027900232785
            ],
            [
              100.92474527497869,
              13.282138646663874
            ],
            [
              100.9247419809996,
              13.282249505661412
            ],
            [
              100.92474146567858,
              13.282360410447673
            ],
            [
              100.92474372932983,
              13.282471294217256
            ],
            [
              100.9247487705936,
              13.282582090177344
            ],
            [
              100.92475658643689,
              13.28269273158791
            ],
            [
              100.92476717215547,
              13.282803151801943
            ],
            [
              100.92478052137648,
              13.282913284305588
            ],
            [
              100.92479662606243,
              13.28302306275822
            ],
            [
              100.92481547651595,
              13.283132421032388
            ],
            [
              100.92483706138562,
              13.283241293253676
            ],
            [
              100.92486136767283,
              13.28334961384036
            ],
            [
              100.92488838073965,
              13.283457317542942
            ],
            [
              100.92491808431748,
              13.283564339483434
            ],
            [
              100.92495046051702,
              13.283670615194454
            ],
            [
              100.92498548983893,
              13.28377608065806
            ],
            [
              100.92502315118563,
              13.283880672344303
            ],
            [
              100.92506342187392,
              13.283984327249515
            ],
            [
              100.92510627764874,
              13.284086982934271
            ],
            [
              100.92515169269771,
              13.284188577560968
            ],
            [
              100.92519963966669,
              13.284289049931118
            ],
            [
              100.92525008967623,
              13.28438833952219
            ],
            [
              100.925303012339,
              13.284486386524083
            ],
            [
              100.92535837577807,
              13.284583131875154
            ],
            [
              100.9254161466461,
              13.284678517297788
            ],
            [
              100.92547629014544,
              13.284772485333535
            ],
            [
              100.92553877004906,
              13.284864979377698
            ],
            [
              100.92560354872239,
              13.284955943713435
            ],
            [
              100.92567058714603,
              13.28504532354535
            ],
            [
              100.92573984493913,
              13.28513306503248
            ],
            [
              100.92581128038384,
              13.28521911532074
            ],
            [
              100.9258848504504,
              13.285303422574762
            ],
            [
              100.92596051082299,
              13.285385936009126
            ],
            [
              100.92603821592654,
              13.285466605918959
            ],
            [
              100.92611791895406,
              13.285545383709877
            ],
            [
              100.92619957189497,
              13.285622221927255
            ],
            [
              100.92628312556387,
              13.285697074284817
            ],
            [
              100.92636852963034,
              13.285769895692544
            ],
            [
              100.92645573264909,
              13.285840642283802
            ],
            [
              100.92654468209106,
              13.28590927144179
            ],
            [
              100.92663532437504,
              13.28597574182523
            ],
            [
              100.92672760489994,
              13.28604001339323
            ],
            [
              100.92682146807766,
              13.286102047429468
            ],
            [
              100.92691685736663,
              13.286161806565445
            ],
            [
              100.92701371530583,
              13.286219254803067
            ],
            [
              100.92711198354947,
              13.28627435753628
            ],
            [
              100.92721160290202,
              13.286327081571951
            ],
            [
              100.92731251335402,
              13.286377395149849
            ],
            [
              100.92741465411811,
              13.286425267961794
            ],
            [
              100.92751796366574,
              13.286470671169889
            ],
            [
              100.92762237976416,
              13.286513577423928
            ],
            [
              100.927727839514,
              13.286553960877843
            ],
            [
              100.92783427938713,
              13.286591797205302
            ],
            [
              100.92794163526487,
              13.286627063614345
            ],
            [
              100.92804984247672,
              13.286659738861117
            ],
            [
              100.92815883583928,
              13.286689803262664
            ],
            [
              100.92826854969552,
              13.28671723870882
            ],
            [
              100.92837891795429,
              13.28674202867307
            ],
            [
              100.9284898741303,
              13.286764158222532
            ],
            [
              100.92860135138396,
              13.28678361402697
            ],
            [
              100.92871328256183,
              13.286800384366787
            ],
            [
              100.92882560023696,
              13.286814459140102
            ],
            [
              100.92893823674959,
              13.286825829868839
            ],
            [
              100.92905112424785,
              13.286834489703837
            ],
            [
              100.92916419472874,
              13.28684043342896
            ],
            [
              100.929277380079,
              13.286843657464255
            ],
            [
              100.92939061211618,
              13.286844159868085
            ],
            [
              100.92950382262975,
              13.28684194033833
            ],
            [
              100.92961694342216,
              13.28683700021254
            ],
            [
              100.92972990634995,
              13.286829342467144
            ],
            [
              100.9298426433648,
              13.286818971715638
            ],
            [
              100.92995508655449,
              13.286805894205829
            ],
            [
              100.93006716818392,
              13.286790117816048
            ],
            [
              100.9301788207358,
              13.286771652050417
            ],
            [
              100.93028997695143,
              13.286750508033107
            ],
            [
              100.93040056987111,
              13.286726698501651
            ],
            [
              100.93051053287459,
              13.286700237799248
            ],
            [
              100.93061979972119,
              13.286671141866147
            ],
            [
              100.93072830458959,
              13.28663942823002
            ],
            [
              100.93083598211769,
              13.286605115995402
            ],
            [
              100.93094276744176,
              13.286568225832195
            ],
            [
              100.93104859623575,
              13.286528779963204
            ],
            [
              100.93115340474985,
              13.28648680215074
            ],
            [
              100.93125712984899,
              13.286442317682324
            ],
            [
              100.93135970905088,
              13.286395353355418
            ],
            [
              100.9314610805636,
              13.286345937461315
            ],
            [
              100.93156118332291,
              13.286294099768062
            ],
            [
              100.93165995702893,
              13.286239871502547
            ],
            [
              100.93175734218255,
              13.28618328533168
            ],
            [
              100.93185328012125,
              13.286124375342702
            ],
            [
              100.93194771305443,
              13.286063177022653
            ],
            [
              100.93204058409822,
              13.285999727236987
            ],
            [
              100.93213183730977,
              13.285934064207385
            ],
            [
              100.93222141772092,
              13.285866227488684
            ],
            [
              100.93230927137137,
              13.28579625794509
            ],
            [
              100.93239534534106,
              13.285724197725527
            ],
            [
              100.93247958778223,
              13.285650090238253
            ],
            [
              100.93256194795048,
              13.285573980124724
            ],
            [
              100.93264237623544,
              13.285495913232673
            ],
            [
              100.93272082419062,
              13.285415936588501
            ],
            [
              100.93279724456256,
              13.285334098368953
            ],
            [
              100.9328715913194,
              13.285250447872077
            ],
            [
              100.93294381967843,
              13.285165035487537
            ],
            [
              100.93301388613325,
              13.285077912666265
            ],
            [
              100.93308174847985,
              13.284989131889432
            ],
            [
              100.93314736584203,
              13.28489874663686
            ],
            [
              100.93321069869613,
              13.284806811354805
            ],
            [
              100.9332717088947,
              13.284713381423126
            ],
            [
              100.93333035968953,
              13.284618513121972
            ],
            [
              100.93338661575383,
              13.284522263597822
            ],
            [
              100.93344044320342,
              13.284424690829109
            ],
            [
              100.93349180961718,
              13.284325853591254
            ],
            [
              100.93354068405655,
              13.284225811421283
            ],
            [
              100.9335870370842,
              13.284124624581953
            ],
            [
              100.93363084078169,
              13.28402235402545
            ],
            [
              100.93367206876636,
              13.28391906135666
            ],
            [
              100.93371069620717,
              13.283814808796091
            ],
            [
              100.93374669983962,
              13.283709659142353
            ],
            [
              100.93378005797982,
              13.28360367573435
            ],
            [
              100.9338107505375,
              13.283496922413118
            ],
            [
              100.93383875902815,
              13.283389463483381
            ],
            [
              100.93386406658402,
              13.283281363674789
            ],
            [
              100.93388665796449,
              13.283172688102958
            ],
            [
              100.93390651956503,
              13.283063502230222
            ],
            [
              100.93392363942547,
              13.282953871826207
            ],
            [
              100.93393800723724,
              13.282843862928221
            ],
            [
              100.93394961434952,
              13.282733541801466
            ],
            [
              100.9339584537744,
              13.282622974899132
            ],
            [
              100.9339645201912,
              13.282512228822347
            ],
            [
              100.93396780994956,
              13.28240137028009
            ],
            [
              100.93396832107165,
              13.282290466048991
            ]
          ]
        ]
      },
      "properties": {
        "ชื่อร้าน": "ชินชา หม่าล่า บางแสน",
        "ประเภท": "เสียบไม้",
        "แหล่งท่องเที่ยว_500m": "ไม่มี",
        "แหล่งท่องเที่ยว_1000m": "พิพิธภัณฑ์สัตว์น้ำบางแสน, แหลมทอง (Laemtong)",
        "buffer_m": 500
      }
    },
    {
      "type": "Feature",
      "geometry": {
        "type": "Polygon",
        "coordinates": [
          [
            [
              100.92807528585796,
              13.27427786348525
            ],
            [
              100.9280730213033,
              13.274166979874503
            ],
            [
              100.92806797925755,
              13.274056184093743
            ],
            [
              100.92806016276155,
              13.273945542881533
            ],
            [
              100.92804957652739,
              13.273835122883234
            ],
            [
              100.92803622693539,
              13.273724990610878
            ],
            [
              100.92802012203042,
              13.273615212403097
            ],
            [
              100.92800127151698,
              13.27350585438517
            ],
            [
              100.92797968675328,
              13.27339698242919
            ],
            [
              100.92795538074449,
              13.273288662114398
            ],
            [
              100.92792836813489,
              13.273180958687657
            ],
            [
              100.92789866519894,
              13.273073937024186
            ],
            [
              100.9278662898316,
              13.272967661588469
            ],
            [
              100.92783126153743,
              13.272862196395419
            ],
            [
              100.92779360141894,
              13.272757604971835
            ],
            [
              100.92775333216379,
              13.27265395031814
            ],
            [
              100.92771047803113,
              13.272551294870418
            ],
            [
              100.92766506483703,
              13.272449700462833
            ],
            [
              100.92761711993889,
              13.272349228290366
            ],
            [
              100.92756667221893,
              13.272249938871969
            ],
            [
              100.92751375206683,
              13.272151892014111
            ],
            [
              100.92745839136143,
              13.272055146774756
            ],
            [
              100.92740062345143,
              13.271959761427796
            ],
            [
              100.92734048313544,
              13.271865793427953
            ],
            [
              100.92727800664092,
              13.271773299376171
            ],
            [
              100.92721323160234,
              13.271682334985533
            ],
            [
              100.92714619703858,
              13.2715929550477
            ],
            [
              100.92707694332938,
              13.271505213399912
            ],
            [
              100.92700551219104,
              13.271419162892565
            ],
            [
              100.92693194665127,
              13.27133485535738
            ],
            [
              100.92685629102324,
              13.271252341576183
            ],
            [
              100.92677859087895,
              13.27117167125033
            ],
            [
              100.92669889302178,
              13.27109289297076
            ],
            [
              100.92661724545825,
              13.271016054188735
            ],
            [
              100.92653369736907,
              13.270941201187275
            ],
            [
              100.92644829907967,
              13.270868379053255
            ],
            [
              100.9263611020297,
              13.270797631650273
            ],
            [
              100.92627215874224,
              13.270729001592237
            ],
            [
              100.92618152279194,
              13.270662530217672
            ],
            [
              100.92608924877297,
              13.27059825756485
            ],
            [
              100.92599539226599,
              13.270536222347664
            ],
            [
              100.92590000980475,
              13.270476461932317
            ],
            [
              100.925803158842,
              13.270419012314813
            ],
            [
              100.92570489771495,
              13.270363908099274
            ],
            [
              100.92560528561003,
              13.270311182477124
            ],
            [
              100.92550438252734,
              13.270260867207057
            ],
            [
              100.92540224924447,
              13.270212992595951
            ],
            [
              100.9252989472799,
              13.270167587480582
            ],
            [
              100.92519453885596,
              13.270124679210282
            ],
            [
              100.92508908686136,
              13.270084293630452
            ],
            [
              100.92498265481329,
              13.270046455067
            ],
            [
              100.92487530681923,
              13.270011186311688
            ],
            [
              100.9247671075382,
              13.269978508608421
            ],
            [
              100.92465812214202,
              13.269948441640421
            ],
            [
              100.9245484162759,
              13.269921003518398
            ],
            [
              100.92443805601899,
              13.269896210769623
            ],
            [
              100.9243271078445,
              13.269874078328007
            ],
            [
              100.92421563857984,
              13.269854619525063
            ],
            [
              100.92410371536616,
              13.269837846081895
            ],
            [
              100.92399140561804,
              13.269823768102166
            ],
            [
              100.9238787769829,
              13.269812394065948
            ],
            [
              100.9237658973002,
              13.269803730824679
            ],
            [
              100.9236528345606,
              13.269797783597001
            ],
            [
              100.92353965686506,
              13.269794555965607
            ],
            [
              100.9234264323838,
              13.269794049875124
            ],
            [
              100.92331322931523,
              13.269796265630896
            ],
            [
              100.92320011584484,
              13.26980120189883
            ],
            [
              100.92308716010426,
              13.269808855706168
            ],
            [
              100.92297443013014,
              13.269819222443314
            ],
            [
              100.92286199382316,
              13.269832295866577
            ],
            [
              100.9227499189072,
              13.269848068101938
            ],
            [
              100.92263827288853,
              13.26986652964981
            ],
            [
              100.92252712301512,
              13.269887669390723
            ],
            [
              100.92241653623618,
              13.26991147459205
            ],
            [
              100.92230657916186,
              13.269937930915662
            ],
            [
              100.92219731802304,
              13.269967022426552
            ],
            [
              100.9220888186316,
              13.269998731602454
            ],
            [
              100.92198114634058,
              13.270033039344378
            ],
            [
              100.92187436600504,
              13.270069924988107
            ],
            [
              100.92176854194284,
              13.270109366316648
            ],
            [
              100.92166373789593,
              13.270151339573617
            ],
            [
              100.92156001699206,
              13.270195819477543
            ],
            [
              100.92145744170661,
              13.270242779237073
            ],
            [
              100.92135607382508,
              13.270292190567131
            ],
            [
              100.92125597440584,
              13.27034402370595
            ],
            [
              100.92115720374333,
              13.270398247432977
            ],
            [
              100.92105982133178,
              13.270454829087681
            ],
            [
              100.92096388582938,
              13.27051373458924
            ],
            [
              100.92086945502288,
              13.270574928457037
            ],
            [
              100.92077658579291,
              13.270638373832066
            ],
            [
              100.92068533407956,
              13.270704032499076
            ],
            [
              100.92059575484886,
              13.270771864909637
            ],
            [
              100.92050790205953,
              13.270841830205933
            ],
            [
              100.92042182863055,
              13.270913886245374
            ],
            [
              100.92033758640927,
              13.27098798962597
            ],
            [
              100.92025522614017,
              13.271064095712482
            ],
            [
              100.9201747974343,
              13.271142158663297
            ],
            [
              100.92009634873939,
              13.271222131458037
            ],
            [
              100.92001992731068,
              13.271303965925878
            ],
            [
              100.91994557918245,
              13.271387612774559
            ],
            [
              100.91987334914026,
              13.271473021620087
            ],
            [
              100.91980328069401,
              13.271560141017046
            ],
            [
              100.91973541605174,
              13.271648918489634
            ],
            [
              100.91966979609411,
              13.271739300563206
            ],
            [
              100.91960646034985,
              13.27183123279654
            ],
            [
              100.91954544697201,
              13.271924659814593
            ],
            [
              100.91948679271478,
              13.27201952534185
            ],
            [
              100.91943053291152,
              13.272115772236244
            ],
            [
              100.91937670145343,
              13.27221334252356
            ],
            [
              100.91932533076904,
              13.27231217743233
            ],
            [
              100.9192764518048,
              13.272412217429284
            ],
            [
              100.91923009400638,
              13.272513402255154
            ],
            [
              100.91918628530084,
              13.272615670961008
            ],
            [
              100.91914505207998,
              13.272718961944934
            ],
            [
              100.91910641918426,
              13.272823212989163
            ],
            [
              100.91907040988795,
              13.27292836129754
            ],
            [
              100.91903704588503,
              13.273034343533338
            ],
            [
              100.91900634727617,
              13.273141095857422
            ],
            [
              100.91897833255653,
              13.273248553966694
            ],
            [
              100.91895301860474,
              13.273356653132824
            ],
            [
              100.9189304206726,
              13.273465328241247
            ],
            [
              100.91891055237593,
              13.273574513830393
            ],
            [
              100.91889342568643,
              13.273684144131073
            ],
            [
              100.9188790509243,
              13.273794153106156
            ],
            [
              100.9188674367522,
              13.273904474490305
            ],
            [
              100.91885859016985,
              13.274015041829909
            ],
            [
              100.91885251650993,
              13.274125788523119
            ],
            [
              100.9188492194348,
              13.27423664785994
            ],
            [
              100.91884870093433,
              13.274347553062455
            ],
            [
              100.91885096132462,
              13.274458437325011
            ],
            [
              100.91885599924787,
              13.274569233854493
            ],
            [
              100.91886381167312,
              13.274679875910529
            ],
            [
              100.91887439389815,
              13.274790296845737
            ],
            [
              100.91888773955223,
              13.274900430145811
            ],
            [
              100.91890384060004,
              13.275010209469656
            ],
            [
              100.91892268734635,
              13.275119568689302
            ],
            [
              100.91894426844203,
              13.275228441929757
            ],
            [
              100.91896857089071,
              13.275336763608689
            ],
            [
              100.91899558005674,
              13.275444468475946
            ],
            [
              100.91902527967392,
              13.275551491652843
            ],
            [
              100.9190576518553,
              13.275657768671245
            ],
            [
              100.91909267710398,
              13.27576323551243
            ],
            [
              100.91913033432479,
              13.275867828645623
            ],
            [
              100.91917060083709,
              13.275971485066295
            ],
            [
              100.91921345238828,
              13.276074142334089
            ],
            [
              100.91925886316855,
              13.276175738610464
            ],
            [
              100.9193068058263,
              13.27627621269594
            ],
            [
              100.91935725148471,
              13.276375504066953
            ],
            [
              100.91941016975906,
              13.27647355291233
            ],
            [
              100.91946552877505,
              13.276570300169316
            ],
            [
              100.91952329518803,
              13.276665687559165
            ],
            [
              100.91958343420299,
              13.276759657622225
            ],
            [
              100.91964590959564,
              13.276852153752591
            ],
            [
              100.91971068373414,
              13.276943120232163
            ],
            [
              100.91977771760176,
              13.277032502264255
            ],
            [
              100.91984697082047,
              13.277120246006584
            ],
            [
              100.91991840167513,
              13.277206298603698
            ],
            [
              100.91999196713877,
              13.277290608218848
            ],
            [
              100.92006762289833,
              13.277373124065198
            ],
            [
              100.9201453233815,
              13.277453796436411
            ],
            [
              100.92022502178413,
              13.277532576736625
            ],
            [
              100.92030667009838,
              13.277609417509709
            ],
            [
              100.92039021914167,
              13.27768427246785
            ],
            [
              100.92047561858634,
              13.277757096519458
            ],
            [
              100.92056281698989,
              13.27782784579631
            ],
            [
              100.92065176182606,
              13.277896477679985
            ],
            [
              100.92074239951641,
              13.277962950827567
            ],
            [
              100.9208346754626,
              13.278027225196505
            ],
            [
              100.92092853407932,
              13.278089262068775
            ],
            [
              100.92102391882776,
              13.278149024074182
            ],
            [
              100.9211207722496,
              13.278206475212903
            ],
            [
              100.92121903600177,
              13.278261580877137
            ],
            [
              100.9213186508915,
              13.27831430787198
            ],
            [
              100.92141955691197,
              13.278364624435428
            ],
            [
              100.9215216932785,
              13.278412500257488
            ],
            [
              100.92162499846522,
              13.278457906498462
            ],
            [
              100.921729410242,
              13.278500815806312
            ],
            [
              100.92183486571207,
              13.278541202333136
            ],
            [
              100.92194130134986,
              13.278579041750742
            ],
            [
              100.92204865303927,
              13.278614311265311
            ],
            [
              100.92215685611232,
              13.278646989631115
            ],
            [
              100.92226584538813,
              13.278677057163332
            ],
            [
              100.92237555521207,
              13.278704495749889
            ],
            [
              100.92248591949551,
              13.278729288862396
            ],
            [
              100.92259687175547,
              13.27875142156607
            ],
            [
              100.9227083451548,
              13.278770880528768
            ],
            [
              100.92282027254231,
              13.27878765402899
            ],
            [
              100.92293258649339,
              13.278801731962956
            ],
            [
              100.92304521935051,
              13.278813105850682
            ],
            [
              100.92315810326403,
              13.278821768841102
            ],
            [
              100.92327117023306,
              13.278827715716181
            ],
            [
              100.92338435214647,
              13.278830942894059
            ],
            [
              100.92349758082393,
              13.278831448431212
            ],
            [
              100.92361078805689,
              13.278829232023629
            ],
            [
              100.92372390564978,
              13.278824295006974
            ],
            [
              100.9238368654611,
              13.278816640355807
            ],
            [
              100.92394959944437,
              13.278806272681758
            ],
            [
              100.92406203968923,
              13.278793198230773
            ],
            [
              100.92417411846235,
              13.278777424879346
            ],
            [
              100.92428576824817,
              13.278758962129755
            ],
            [
              100.92439692178962,
              13.27873782110437
            ],
            [
              100.92450751212866,
              13.2787140145389
            ],
            [
              100.92461747264656,
              13.278687556774774
            ],
            [
              100.92472673710414,
              13.278658463750453
            ],
            [
              100.92483523968156,
              13.27862675299187
            ],
            [
              100.92494291501805,
              13.278592443601813
            ],
            [
              100.92504969825124,
              13.278555556248474
            ],
            [
              100.92515552505633,
              13.278516113152957
            ],
            [
              100.92526033168467,
              13.278474138075914
            ],
            [
              100.92536405500239,
              13.278429656303196
            ],
            [
              100.92546663252823,
              13.278382694630661
            ],
            [
              100.92556800247131,
              13.278333281347985
            ],
            [
              100.9256681037683,
              13.27828144622165
            ],
            [
              100.92576687612024,
              13.278227220476989
            ],
            [
              100.92586426002879,
              13.278170636779397
            ],
            [
              100.92596019683221,
              13.27811172921462
            ],
            [
              100.92605462874059,
              13.278050533268237
            ],
            [
              100.92614749887066,
              13.277987085804277
            ],
            [
              100.92623875128012,
              13.277921425043006
            ],
            [
              100.92632833100132,
              13.277853590537905
            ],
            [
              100.9264161840743,
              13.277783623151842
            ],
            [
              100.92650225757943,
              13.277711565032437
            ],
            [
              100.92658649966918,
              13.277637459586689
            ],
            [
              100.92666885959939,
              13.277561351454816
            ],
            [
              100.9267492877598,
              13.277483286483355
            ],
            [
              100.92682773570404,
              13.277403311697554
            ],
            [
              100.92690415617861,
              13.277321475273038
            ],
            [
              100.92697850315159,
              13.277237826506768
            ],
            [
              100.92705073184017,
              13.277152415787375
            ],
            [
              100.92712079873772,
              13.277065294564771
            ],
            [
              100.92718866163995,
              13.276976515319173
            ],
            [
              100.92725427967036,
              13.27688613152948
            ],
            [
              100.92731761330485,
              13.276794197641063
            ],
            [
              100.92737862439553,
              13.27670076903295
            ],
            [
              100.92743727619364,
              13.276605901984476
            ],
            [
              100.92749353337177,
              13.27650965364138
            ],
            [
              100.92754736204508,
              13.276412081981377
            ],
            [
              100.92759872979168,
              13.276313245779223
            ],
            [
              100.92764760567225,
              13.27621320457132
            ],
            [
              100.92769396024853,
              13.27611201861984
            ],
            [
              100.92773776560122,
              13.276009748876438
            ],
            [
              100.92777899534661,
              13.275906456945517
            ],
            [
              100.92781762465259,
              13.275802205047132
            ],
            [
              100.92785363025358,
              13.2756970559795
            ],
            [
              100.92788699046447,
              13.275591073081166
            ],
            [
              100.92791768519373,
              13.275484320192868
            ],
            [
              100.92794569595553,
              13.275376861619064
            ],
            [
              100.9279710058808,
              13.275268762089196
            ],
            [
              100.92799359972743,
              13.27516008671871
            ],
            [
              100.92801346388943,
              13.275050900969816
            ],
            [
              100.92803058640511,
              13.274941270612075
            ],
            [
              100.92804495696427,
              13.274831261682763
            ],
            [
              100.9280565669144,
              13.274720940447104
            ],
            [
              100.92806540926597,
              13.274610373358346
            ],
            [
              100.92807147869644,
              13.274499627017747
            ],
            [
              100.92807477155367,
              13.274388768134433
            ],
            [
              100.92807528585796,
              13.27427786348525
            ]
          ]
        ]
      },
      "properties": {
        "ชื่อร้าน": "Mr.Bao MALATANG",
        "ประเภท": "ชั่งขีด",
        "แหล่งท่องเที่ยว_500m": "ตลาด Wanna Park",
        "แหล่งท่องเที่ยว_1000m": "หาดวอนนภา, สะพานปลาหาดวอนนภา",
        "buffer_m": 500
      }
    },
    {
      "type": "Feature",
      "geometry": {
        "type": "Polygon",
        "coordinates": [
          [
            [
              100.92833057211158,
              13.273586400645122
            ],
            [
              100.92832830749249,
              13.273475517045963
            ],
            [
              100.92832326539062,
              13.273364721278488
            ],
            [
              100.92831544884687,
              13.273254080081262
            ],
            [
              100.9283048625733,
              13.273143660099635
            ],
            [
              100.92829151295034,
              13.273033527845618
            ],
            [
              100.92827540802281,
              13.272923749657846
            ],
            [
              100.92825655749525,
              13.272814391661578
            ],
            [
              100.92823497272589,
              13.272705519728898
            ],
            [
              100.92821066671989,
              13.272597199439025
            ],
            [
              100.92818365412151,
              13.272489496038816
            ],
            [
              100.92815395120523,
              13.272382474403473
            ],
            [
              100.928121575866,
              13.272276198997456
            ],
            [
              100.92808654760833,
              13.27217073383567
            ],
            [
              100.92804888753474,
              13.27206614244489
            ],
            [
              100.92800861833285,
              13.271962487825517
            ],
            [
              100.92796576426178,
              13.271859832413615
            ],
            [
              100.92792035113757,
              13.271758238043333
            ],
            [
              100.92787240631756,
              13.27165776590962
            ],
            [
              100.92782195868392,
              13.27155847653141
            ],
            [
              100.92776903862632,
              13.27146042971515
            ],
            [
              100.92771367802348,
              13.271363684518773
            ],
            [
              100.9276559102241,
              13.271268299216148
            ],
            [
              100.92759577002668,
              13.271174331261975
            ],
            [
              100.92753329365861,
              13.271081837257164
            ],
            [
              100.92746851875431,
              13.270990872914773
            ],
            [
              100.92740148433259,
              13.270901493026434
            ],
            [
              100.92733223077306,
              13.27081375142935
            ],
            [
              100.92726079979195,
              13.270727700973898
            ],
            [
              100.92718723441686,
              13.27064339349176
            ],
            [
              100.92711157896088,
              13.270560879764735
            ],
            [
              100.92703387899591,
              13.270480209494142
            ],
            [
              100.92695418132523,
              13.270401431270892
            ],
            [
              100.92687253395519,
              13.270324592546212
            ],
            [
              100.92678898606646,
              13.270249739603077
            ],
            [
              100.92670358798429,
              13.270176917528342
            ],
            [
              100.92661639114826,
              13.270106170185564
            ],
            [
              100.92652744808126,
              13.270037540188612
            ],
            [
              100.92643681235785,
              13.269971068875977
            ],
            [
              100.92634453857204,
              13.269906796285891
            ],
            [
              100.92625068230437,
              13.269844761132214
            ],
            [
              100.92615530008844,
              13.269785000781106
            ],
            [
              100.92605844937685,
              13.269727551228534
            ],
            [
              100.92596018850664,
              13.26967244707859
            ],
            [
              100.92586057666412,
              13.269619721522638
            ],
            [
              100.92575967384919,
              13.269569406319354
            ],
            [
              100.92565754083931,
              13.26952153177556
            ],
            [
              100.9255542391528,
              13.269476126728003
            ],
            [
              100.92544983101182,
              13.269433218525966
            ],
            [
              100.92534437930489,
              13.269392833014813
            ],
            [
              100.92523794754905,
              13.269354994520413
            ],
            [
              100.92513059985154,
              13.269319725834483
            ],
            [
              100.92502240087131,
              13.269287048200884
            ],
            [
              100.92491341577993,
              13.269256981302798
            ],
            [
              100.92480371022242,
              13.269229543250892
            ],
            [
              100.92469335027778,
              13.269204750572406
            ],
            [
              100.92458240241903,
              13.269182618201194
            ],
            [
              100.92447093347334,
              13.269163159468734
            ],
            [
              100.92435901058172,
              13.26914638609609
            ],
            [
              100.92424670115854,
              13.26913230818687
            ],
            [
              100.92413407285102,
              13.26912093422112
            ],
            [
              100.92402119349842,
              13.26911227105022
            ],
            [
              100.92390813109122,
              13.269106323892782
            ],
            [
              100.92379495373018,
              13.269103096331456
            ],
            [
              100.92368172958528,
              13.269102590310817
            ],
            [
              100.92356852685475,
              13.269104806136179
            ],
            [
              100.9234554137239,
              13.269109742473399
            ],
            [
              100.92334245832414,
              13.26911739634968
            ],
            [
              100.9232297286919,
              13.269127763155382
            ],
            [
              100.92311729272767,
              13.269140836646773
            ],
            [
              100.92300521815513,
              13.269156608949803
            ],
            [
              100.9228935724803,
              13.269175070564826
            ],
            [
              100.922782422951,
              13.26919621037235
            ],
            [
              100.92267183651622,
              13.269220015639696
            ],
            [
              100.92256187978587,
              13.2692464720287
            ],
            [
              100.92245261899066,
              13.26927556360432
            ],
            [
              100.92234411994222,
              13.269307272844241
            ],
            [
              100.92223644799346,
              13.269341580649437
            ],
            [
              100.92212966799917,
              13.269378466355656
            ],
            [
              100.92202384427699,
              13.269417907745868
            ],
            [
              100.92191904056874,
              13.269459881063652
            ],
            [
              100.92181532000187,
              13.269504361027495
            ],
            [
              100.92171274505165,
              13.269551320846011
            ],
            [
              100.92161137750333,
              13.269600732234094
            ],
            [
              100.92151127841507,
              13.269652565429931
            ],
            [
              100.92141250808115,
              13.269706789212945
            ],
            [
              100.92131512599558,
              13.269763370922567
            ],
            [
              100.92121919081633,
              13.269822276477939
            ],
            [
              100.92112476033,
              13.269883470398417
            ],
            [
              100.92103189141699,
              13.269946915824955
            ],
            [
              100.92094064001724,
              13.270012574542282
            ],
            [
              100.92085106109654,
              13.27008040700193
            ],
            [
              100.92076320861348,
              13.270150372346052
            ],
            [
              100.92067713548681,
              13.270222428432037
            ],
            [
              100.92059289356372,
              13.270296531857861
            ],
            [
              100.92051053358848,
              13.27037263798826
            ],
            [
              100.920430105172,
              13.270450700981593
            ],
            [
              100.92035165676184,
              13.270530673817452
            ],
            [
              100.92027523561303,
              13.270612508324994
            ],
            [
              100.92020088775973,
              13.270696155211937
            ],
            [
              100.92012865798729,
              13.270781564094259
            ],
            [
              100.92005858980548,
              13.270868683526524
            ],
            [
              100.91999072542214,
              13.270957461032904
            ],
            [
              100.91992510571781,
              13.27104784313874
            ],
            [
              100.91986177022109,
              13.271139775402792
            ],
            [
              100.9198007570848,
              13.271233202449991
            ],
            [
              100.91974210306307,
              13.271328068004808
            ],
            [
              100.91968584348906,
              13.271424314925161
            ],
            [
              100.91963201225386,
              13.271521885236814
            ],
            [
              100.91958064178586,
              13.27162072016829
            ],
            [
              100.91953176303139,
              13.2717207601863
            ],
            [
              100.91948540543595,
              13.271821945031567
            ],
            [
              100.91944159692653,
              13.271924213755142
            ],
            [
              100.91940036389478,
              13.272027504755112
            ],
            [
              100.91936173118107,
              13.272131755813689
            ],
            [
              100.91932572205954,
              13.272236904134711
            ],
            [
              100.91929235822408,
              13.272342886381448
            ],
            [
              100.91926165977524,
              13.272449638714752
            ],
            [
              100.91923364520811,
              13.272557096831525
            ],
            [
              100.9192083314012,
              13.272665196003436
            ],
            [
              100.91918573360624,
              13.272773871115907
            ],
            [
              100.91916586543898,
              13.272883056707364
            ],
            [
              100.91914873887099,
              13.272992687008623
            ],
            [
              100.91913436422246,
              13.27310269598255
            ],
            [
              100.91912275015594,
              13.273213017363814
            ],
            [
              100.91911390367108,
              13.273323584698797
            ],
            [
              100.91910783010054,
              13.273434331385655
            ],
            [
              100.91910453310662,
              13.273545190714406
            ],
            [
              100.91910401467909,
              13.273656095907125
            ],
            [
              100.91910627513406,
              13.27376698015817
            ],
            [
              100.91911131311365,
              13.273877776674434
            ],
            [
              100.91911912558692,
              13.273988418715552
            ],
            [
              100.9191297078516,
              13.274098839634147
            ],
            [
              100.9191430535369,
              13.274208972915934
            ],
            [
              100.91915915460751,
              13.274318752219818
            ],
            [
              100.9191780013682,
              13.274428111417844
            ],
            [
              100.91919958246979,
              13.274536984635036
            ],
            [
              100.91922388491594,
              13.274645306289075
            ],
            [
              100.91925089407098,
              13.27475301112982
            ],
            [
              100.91928059366873,
              13.274860034278598
            ],
            [
              100.91931296582227,
              13.274966311267313
            ],
            [
              100.91934799103468,
              13.275071778077233
            ],
            [
              100.91938564821083,
              13.27517637117762
            ],
            [
              100.91942591467011,
              13.275280027563952
            ],
            [
              100.91946876615994,
              13.275382684795904
            ],
            [
              100.91951417687055,
              13.275484281034956
            ],
            [
              100.91956211945039,
              13.27558475508164
            ],
            [
              100.91961256502267,
              13.27568404641243
            ],
            [
              100.91966548320273,
              13.27578209521616
            ],
            [
              100.91972084211635,
              13.275878842430119
            ],
            [
              100.9197786084189,
              13.275974229775574
            ],
            [
              100.91983874731547,
              13.276068199792906
            ],
            [
              100.91990122258183,
              13.27616069587623
            ],
            [
              100.9199659965862,
              13.276251662307478
            ],
            [
              100.92003303031197,
              13.276341044290003
            ],
            [
              100.92010228338114,
              13.276428787981533
            ],
            [
              100.92017371407873,
              13.276514840526666
            ],
            [
              100.92024727937778,
              13.276599150088675
            ],
            [
              100.92032293496538,
              13.27668166588075
            ],
            [
              100.92040063526933,
              13.2767623381966
            ],
            [
              100.92048033348557,
              13.276841118440387
            ],
            [
              100.92056198160638,
              13.276917959156016
            ],
            [
              100.92064553044929,
              13.276992814055712
            ],
            [
              100.92073092968677,
              13.277065638047917
            ],
            [
              100.92081812787644,
              13.277136387264443
            ],
            [
              100.92090707249217,
              13.27720501908691
            ],
            [
              100.92099770995564,
              13.277271492172435
            ],
            [
              100.92108998566867,
              13.277335766478505
            ],
            [
              100.92118384404607,
              13.277397803287139
            ],
            [
              100.92127922854917,
              13.277457565228172
            ],
            [
              100.92137608171983,
              13.277515016301825
            ],
            [
              100.9214743452151,
              13.277570121900334
            ],
            [
              100.92157395984238,
              13.277622848828843
            ],
            [
              100.921674865595,
              13.277673165325371
            ],
            [
              100.92177700168845,
              13.277721041079984
            ],
            [
              100.921880306597,
              13.277766447253013
            ],
            [
              100.92198471809074,
              13.277809356492465
            ],
            [
              100.92209017327302,
              13.277849742950476
            ],
            [
              100.92219660861846,
              13.277887582298902
            ],
            [
              100.92230396001115,
              13.277922851743963
            ],
            [
              100.92241216278327,
              13.277955530039971
            ],
            [
              100.9225211517541,
              13.277985597502143
            ],
            [
              100.92263086126925,
              13.278013036018463
            ],
            [
              100.92274122524026,
              13.278037829060564
            ],
            [
              100.92285217718432,
              13.278059961693714
            ],
            [
              100.92296365026446,
              13.278079420585817
            ],
            [
              100.92307557732971,
              13.27809619401541
            ],
            [
              100.92318789095565,
              13.278110271878758
            ],
            [
              100.92330052348491,
              13.27812164569592
            ],
            [
              100.92341340706811,
              13.278130308615873
            ],
            [
              100.9235264737045,
              13.278136255420618
            ],
            [
              100.92363965528321,
              13.278139482528344
            ],
            [
              100.92375288362405,
              13.278139987995573
            ],
            [
              100.92386609051871,
              13.278137771518324
            ],
            [
              100.92397920777184,
              13.278132834432316
            ],
            [
              100.92409216724208,
              13.278125179712143
            ],
            [
              100.92420490088323,
              13.278114811969475
            ],
            [
              100.9243173407851,
              13.278101737450307
            ],
            [
              100.92442941921455,
              13.27808596403117
            ],
            [
              100.92454106865624,
              13.278067501214384
            ],
            [
              100.92465222185334,
              13.278046360122353
            ],
            [
              100.92476281184797,
              13.27802255349084
            ],
            [
              100.92487277202164,
              13.277996095661301
            ],
            [
              100.92498203613538,
              13.277967002572241
            ],
            [
              100.92509053836952,
              13.277935291749628
            ],
            [
              100.92519821336353,
              13.277900982296297
            ],
            [
              100.92530499625526,
              13.27786409488047
            ],
            [
              100.92541082272005,
              13.277824651723297
            ],
            [
              100.92551562900955,
              13.277782676585458
            ],
            [
              100.92561935199001,
              13.277738194752853
            ],
            [
              100.92572192918043,
              13.277691233021361
            ],
            [
              100.92582329879009,
              13.2776418196807
            ],
            [
              100.92592339975589,
              13.27758998449739
            ],
            [
              100.92602217177902,
              13.277535758696796
            ],
            [
              100.92611955536144,
              13.277479174944343
            ],
            [
              100.92621549184153,
              13.277420267325814
            ],
            [
              100.92630992342957,
              13.277359071326826
            ],
            [
              100.9264027932425,
              13.27729562381142
            ],
            [
              100.92649404533822,
              13.27722996299992
            ],
            [
              100.92658362474926,
              13.27716212844582
            ],
            [
              100.92667147751585,
              13.277092161012018
            ],
            [
              100.92675755071858,
              13.277020102846166
            ],
            [
              100.92684179251003,
              13.276945997355288
            ],
            [
              100.92692415214627,
              13.27686988917963
            ],
            [
              100.9270045800172,
              13.276791824165763
            ],
            [
              100.92708302767662,
              13.276711849338954
            ],
            [
              100.92715944787122,
              13.27663001287485
            ],
            [
              100.92723379456923,
              13.27654636407044
            ],
            [
              100.92730602298802,
              13.276460953314373
            ],
            [
              100.9273760896211,
              13.276373832056587
            ],
            [
              100.92744395226438,
              13.276285052777322
            ],
            [
              100.9275095700415,
              13.276194668955494
            ],
            [
              100.92757290342848,
              13.276102735036496
            ],
            [
              100.9276339142776,
              13.276009306399366
            ],
            [
              100.92769256584027,
              13.275914439323467
            ],
            [
              100.9277488227892,
              13.27581819095455
            ],
            [
              100.92780265123967,
              13.275720619270343
            ],
            [
              100.92785401876996,
              13.27562178304562
            ],
            [
              100.92790289444086,
              13.275521741816794
            ],
            [
              100.92794924881424,
              13.275420555846056
            ],
            [
              100.92799305397094,
              13.27531828608506
            ],
            [
              100.92803428352732,
              13.275214994138231
            ],
            [
              100.92807291265143,
              13.27511074222563
            ],
            [
              100.92810891807777,
              13.275005593145478
            ],
            [
              100.92814227812134,
              13.274899610236336
            ],
            [
              100.92817297269075,
              13.274792857338937
            ],
            [
              100.92820098330021,
              13.274685398757754
            ],
            [
              100.92822629308078,
              13.274577299222232
            ],
            [
              100.92824888679043,
              13.274468623847815
            ],
            [
              100.92826875082324,
              13.274359438096724
            ],
            [
              100.92828587321759,
              13.274249807738508
            ],
            [
              100.92830024366336,
              13.274139798810456
            ],
            [
              100.92831185350815,
              13.274029477577782
            ],
            [
              100.92832069576241,
              13.273918910493743
            ],
            [
              100.92832676510375,
              13.27380816415958
            ],
            [
              100.92833005788,
              13.273697305284433
            ],
            [
              100.92833057211158,
              13.273586400645122
            ]
          ]
        ]
      },
      "properties": {
        "ชื่อร้าน": "Dragon Shabu Mala",
        "ประเภท": "ชั่งขีด",
        "แหล่งท่องเที่ยว_500m": "หาดวอนนภา, ตลาด Wanna Park",
        "แหล่งท่องเที่ยว_1000m": "สะพานปลาหาดวอนนภา",
        "buffer_m": 500
      }
    },
    {
      "type": "Feature",
      "geometry": {
        "type": "Polygon",
        "coordinates": [
          [
            [
              100.92871684415687,
              13.272160947326602
            ],
            [
              100.92871457946838,
              13.272050063741387
            ],
            [
              100.92870953731398,
              13.271939267989852
            ],
            [
              100.92870172073462,
              13.271828626810537
            ],
            [
              100.92869113444239,
              13.27171820684879
            ],
            [
              100.92867778481768,
              13.27160807461661
            ],
            [
              100.92866167990539,
              13.271498296452615
            ],
            [
              100.92864282940997,
              13.271388938482051
            ],
            [
              100.92862124468968,
              13.271280066576988
            ],
            [
              100.92859693874964,
              13.271171746316627
            ],
            [
              100.92856992623406,
              13.27106404294781
            ],
            [
              100.92854022341737,
              13.270957021345714
            ],
            [
              100.92850784819446,
              13.270850745974782
            ],
            [
              100.92847282006981,
              13.270745280849903
            ],
            [
              100.9284351601458,
              13.270640689497823
            ],
            [
              100.92839489110997,
              13.270537034918922
            ],
            [
              100.92835203722139,
              13.27043437954924
            ],
            [
              100.92830662429593,
              13.270332785222898
            ],
            [
              100.92825867969083,
              13.270232313134823
            ],
            [
              100.92820823228814,
              13.27013302380392
            ],
            [
              100.92815531247737,
              13.270034977036605
            ],
            [
              100.92809995213713,
              13.269938231890785
            ],
            [
              100.92804218461592,
              13.2698428466403
            ],
            [
              100.9279820447121,
              13.269748878739815
            ],
            [
              100.92791956865287,
              13.269656384790206
            ],
            [
              100.92785479407246,
              13.269565420504502
            ],
            [
              100.92778775998947,
              13.2694760406743
            ],
            [
              100.92771850678335,
              13.269388299136772
            ],
            [
              100.92764707617009,
              13.26930224874225
            ],
            [
              100.92757351117706,
              13.269217941322388
            ],
            [
              100.92749785611714,
              13.269135427658945
            ],
            [
              100.92742015656198,
              13.2690547574532
            ],
            [
              100.92734045931459,
              13.268975979296023
            ],
            [
              100.92725881238113,
              13.26889914063861
            ],
            [
              100.92717526494194,
              13.268824287763888
            ],
            [
              100.92708986732204,
              13.268751465758672
            ],
            [
              100.9270026709607,
              13.26868071848648
            ],
            [
              100.92691372838054,
              13.26861208856114
            ],
            [
              100.92682309315585,
              13.268545617321095
            ],
            [
              100.9267308198803,
              13.268481344804536
            ],
            [
              100.92663696413416,
              13.26841930972528
            ],
            [
              100.92654158245067,
              13.268359549449443
            ],
            [
              100.92644473228216,
              13.268302099972944
            ],
            [
              100.9263464719653,
              13.26824699589983
            ],
            [
              100.92624686068608,
              13.268194270421422
            ],
            [
              100.9261459584441,
              13.268143955296344
            ],
            [
              100.92604382601641,
              13.26809608083138
            ],
            [
              100.92594052492102,
              13.26805067586322
            ],
            [
              100.92583611737972,
              13.268007767741105
            ],
            [
              100.92573066628067,
              13.267967382310347
            ],
            [
              100.92562423514055,
              13.267929543896772
            ],
            [
              100.92551688806624,
              13.267894275292043
            ],
            [
              100.92540868971629,
              13.267861597739978
            ],
            [
              100.92529970526189,
              13.267831530923706
            ],
            [
              100.92519000034771,
              13.267804092953847
            ],
            [
              100.92507964105232,
              13.26777930035759
            ],
            [
              100.9249686938484,
              13.267757168068744
            ],
            [
              100.92485722556269,
              13.26773770941873
            ],
            [
              100.9247453033358,
              13.267720936128569
            ],
            [
              100.92463299458171,
              13.267706858301816
            ],
            [
              100.92452036694723,
              13.267695484418471
            ],
            [
              100.92440748827126,
              13.267686821329862
            ],
            [
              100.9242944265438,
              13.267680874254548
            ],
            [
              100.92418124986524,
              13.267677646775136
            ],
            [
              100.92406802640515,
              13.267677140836149
            ],
            [
              100.92395482436135,
              13.267679356742853
            ],
            [
              100.92384171191873,
              13.267684293161054
            ],
            [
              100.92372875720827,
              13.267691947117905
            ],
            [
              100.92361602826601,
              13.267702314003724
            ],
            [
              100.92350359299202,
              13.267715387574729
            ],
            [
              100.92339151910956,
              13.267731159956815
            ],
            [
              100.92327987412425,
              13.267749621650296
            ],
            [
              100.92316872528345,
              13.26777076153563
            ],
            [
              100.92305813953578,
              13.267794566880092
            ],
            [
              100.92294818349072,
              13.267821023345471
            ],
            [
              100.92283892337858,
              13.267850114996676
            ],
            [
              100.92273042501057,
              13.267881824311353
            ],
            [
              100.92262275373918,
              13.267916132190425
            ],
            [
              100.9225159744188,
              13.267953017969598
            ],
            [
              100.92241015136669,
              13.267992459431799
            ],
            [
              100.92230534832422,
              13.268034432820563
            ],
            [
              100.92220162841849,
              13.268078912854332
            ],
            [
              100.92209905412432,
              13.26812587274168
            ],
            [
              100.9219976872266,
              13.26817528419746
            ],
            [
              100.92189758878308,
              13.26822711745982
            ],
            [
              100.92179881908767,
              13.268281341308132
            ],
            [
              100.92170143763398,
              13.268337923081797
            ],
            [
              100.92160550307962,
              13.268396828699917
            ],
            [
              100.92151107321078,
              13.268458022681815
            ],
            [
              100.92141820490752,
              13.2685214681684
            ],
            [
              100.9213269541094,
              13.268587126944364
            ],
            [
              100.92123737578187,
              13.26865495946121
            ],
            [
              100.92114952388312,
              13.268724924861056
            ],
            [
              100.92106345133158,
              13.268796981001246
            ],
            [
              100.92097920997406,
              13.268871084479736
            ],
            [
              100.92089685055456,
              13.268947190661226
            ],
            [
              100.92081642268359,
              13.269025253704044
            ],
            [
              100.92073797480838,
              13.269105226587753
            ],
            [
              100.92066155418368,
              13.269187061141476
            ],
            [
              100.9205872068433,
              13.26927070807291
            ],
            [
              100.92051497757228,
              13.269356116997997
            ],
            [
              100.92044490988015,
              13.269443236471286
            ],
            [
              100.92037704597436,
              13.269532014016923
            ],
            [
              100.92031142673522,
              13.269622396160214
            ],
            [
              100.92024809169105,
              13.269714328459903
            ],
            [
              100.92018707899439,
              13.269807755540898
            ],
            [
              100.92012842539908,
              13.269902621127656
            ],
            [
              100.92007216623807,
              13.26999886807807
            ],
            [
              100.92001833540216,
              13.270096438417877
            ],
            [
              100.91996696531953,
              13.270195273375602
            ],
            [
              100.91991808693624,
              13.270295313417925
            ],
            [
              100.9198717296976,
              13.270396498285562
            ],
            [
              100.91982792153038,
              13.270498767029546
            ],
            [
              100.91978668882604,
              13.270602058047954
            ],
            [
              100.9197480564247,
              13.270706309122984
            ],
            [
              100.91971204760034,
              13.270811457458464
            ],
            [
              100.91967868404667,
              13.270917439717655
            ],
            [
              100.91964798586407,
              13.271024192061402
            ],
            [
              100.91961997154749,
              13.271131650186609
            ],
            [
              100.91959465797525,
              13.271239749364922
            ],
            [
              100.91957206039898,
              13.271348424481776
            ],
            [
              100.91955219243427,
              13.27145761007558
            ],
            [
              100.91953506605256,
              13.271567240377163
            ],
            [
              100.91952069157396,
              13.271677249349375
            ],
            [
              100.91950907766088,
              13.2717875707269
            ],
            [
              100.91950023131291,
              13.271898138056116
            ],
            [
              100.91949415786262,
              13.272008884735179
            ],
            [
              100.9194908609722,
              13.272119744054116
            ],
            [
              100.91949034263142,
              13.272230649235006
            ],
            [
              100.9194926031563,
              13.272341533472218
            ],
            [
              100.91949764118893,
              13.272452329972642
            ],
            [
              100.91950545369829,
              13.272562971995944
            ],
            [
              100.91951603598214,
              13.272673392894733
            ],
            [
              100.9195293816697,
              13.272783526154745
            ],
            [
              100.9195454827256,
              13.272893305434907
            ],
            [
              100.91956432945464,
              13.27300266460727
            ],
            [
              100.91958591050765,
              13.27311153779687
            ],
            [
              100.91961021288834,
              13.273219859421415
            ],
            [
              100.91963722196108,
              13.273327564230774
            ],
            [
              100.91966692145972,
              13.273434587346296
            ],
            [
              100.9196992934974,
              13.2735408642999
            ],
            [
              100.9197343185773,
              13.273646331072882
            ],
            [
              100.91977197560433,
              13.273750924134522
            ],
            [
              100.91981224189797,
              13.273854580480323
            ],
            [
              100.91985509320578,
              13.273957237669984
            ],
            [
              100.91990050371805,
              13.274058833865013
            ],
            [
              100.91994844608338,
              13.274159307865967
            ],
            [
              100.91999889142511,
              13.27425859914934
            ],
            [
              100.92005180935872,
              13.274356647904009
            ],
            [
              100.9201071680101,
              13.274453395067283
            ],
            [
              100.92016493403482,
              13.274548782360458
            ],
            [
              100.92022507263812,
              13.274642752323953
            ],
            [
              100.92028754759596,
              13.274735248351913
            ],
            [
              100.92035232127672,
              13.274826214726309
            ],
            [
              100.920419354664,
              13.274915596650517
            ],
            [
              100.92048860738002,
              13.275003340282309
            ],
            [
              100.92056003770998,
              13.275089392766313
            ],
            [
              100.92063360262715,
              13.275173702265846
            ],
            [
              100.92070925781888,
              13.275256217994128
            ],
            [
              100.92078695771319,
              13.275336890244914
            ],
            [
              100.92086665550623,
              13.275415670422403
            ],
            [
              100.92094830319058,
              13.275492511070539
            ],
            [
              100.92103185158403,
              13.275567365901589
            ],
            [
              100.92111725035929,
              13.275640189824031
            ],
            [
              100.9212044480743,
              13.275710938969725
            ],
            [
              100.92129339220318,
              13.275779570720339
            ],
            [
              100.92138402916792,
              13.27584604373302
            ],
            [
              100.92147630437064,
              13.27591031796531
            ],
            [
              100.92157016222646,
              13.27597235469927
            ],
            [
              100.921665546197,
              13.276032116564782
            ],
            [
              100.92176239882448,
              13.276089567562105
            ],
            [
              100.92186066176626,
              13.27614467308353
            ],
            [
              100.92196027583005,
              13.276197399934237
            ],
            [
              100.92206118100955,
              13.276247716352309
            ],
            [
              100.92216331652062,
              13.276295592027843
            ],
            [
              100.92226662083782,
              13.276340998121228
            ],
            [
              100.9223710317316,
              13.276383907280515
            ],
            [
              100.92247648630571,
              13.276424293657886
            ],
            [
              100.92258292103514,
              13.276462132925252
            ],
            [
              100.92269027180431,
              13.276497402288877
            ],
            [
              100.92279847394583,
              13.276530080503127
            ],
            [
              100.92290746227931,
              13.276560147883263
            ],
            [
              100.92301717115078,
              13.276587586317318
            ],
            [
              100.92312753447212,
              13.276612379276985
            ],
            [
              100.92323848576096,
              13.276634511827575
            ],
            [
              100.92334995818071,
              13.27665397063704
            ],
            [
              100.92346188458079,
              13.276670743983967
            ],
            [
              100.92357419753718,
              13.276684821764672
            ],
            [
              100.92368682939295,
              13.276696195499268
            ],
            [
              100.92379971229907,
              13.276704858336776
            ],
            [
              100.92391277825524,
              13.276710805059249
            ],
            [
              100.924025959151,
              13.276714032084929
            ],
            [
              100.92413918680653,
              13.27671453747038
            ],
            [
              100.92425239301397,
              13.27671232091168
            ],
            [
              100.92436550957837,
              13.27670738374459
            ],
            [
              100.92447846835879,
              13.276699728943754
            ],
            [
              100.92459120130945,
              13.276689361120894
            ],
            [
              100.92470364052058,
              13.276676286522049
            ],
            [
              100.92481571825945,
              13.276660513023801
            ],
            [
              100.92492736701114,
              13.276642050128517
            ],
            [
              100.92503851951919,
              13.276620908958648
            ],
            [
              100.92514910882623,
              13.276597102250005
            ],
            [
              100.92525906831412,
              13.276570644344085
            ],
            [
              100.9253683317443,
              13.27654155117945
            ],
            [
              100.92547683329754,
              13.276509840282102
            ],
            [
              100.9255845076137,
              13.27647553075493
            ],
            [
              100.92569128983105,
              13.276438643266193
            ],
            [
              100.92579711562534,
              13.276399200037092
            ],
            [
              100.92590192124861,
              13.276357224828345
            ],
            [
              100.92600564356754,
              13.276312742925894
            ],
            [
              100.92610822010147,
              13.276265781125666
            ],
            [
              100.92620958906014,
              13.276216367717414
            ],
            [
              100.9263096893808,
              13.2761645324677
            ],
            [
              100.92640846076509,
              13.276110306601938
            ],
            [
              100.92650584371526,
              13.27605372278558
            ],
            [
              100.92660177957013,
              13.27599481510445
            ],
            [
              100.92669621054037,
              13.275933619044201
            ],
            [
              100.92678907974327,
              13.275870171468922
            ],
            [
              100.9268803312371,
              13.275804510598954
            ],
            [
              100.92696991005474,
              13.275736675987845
            ],
            [
              100.92705776223681,
              13.275666708498516
            ],
            [
              100.92714383486418,
              13.275594650278657
            ],
            [
              100.92722807608989,
              13.275520544735327
            ],
            [
              100.92731043517026,
              13.275444436508796
            ],
            [
              100.92739086249556,
              13.275366371445667
            ],
            [
              100.9274693096199,
              13.275286396571238
            ],
            [
              100.92754572929033,
              13.275204560061182
            ],
            [
              100.92762007547536,
              13.275120911212523
            ],
            [
              100.92769230339267,
              13.275035500413926
            ],
            [
              100.92776236953611,
              13.274948379115369
            ],
            [
              100.92783023170185,
              13.2748595997971
            ],
            [
              100.9278958490138,
              13.274769215938068
            ],
            [
              100.92795918194831,
              13.274677281983683
            ],
            [
              100.92802019235792,
              13.27458385331301
            ],
            [
              100.92807884349426,
              13.27448898620543
            ],
            [
              100.92813510003035,
              13.274392737806709
            ],
            [
              100.92818892808168,
              13.274295166094596
            ],
            [
              100.9282402952268,
              13.27419632984388
            ],
            [
              100.92828917052671,
              13.274096288590988
            ],
            [
              100.92833552454354,
              13.273995102598128
            ],
            [
              100.92837932935828,
              13.273892832816975
            ],
            [
              100.92842055858756,
              13.273789540851947
            ],
            [
              100.9284591873996,
              13.273685288923133
            ],
            [
              100.92849519252908,
              13.273580139828754
            ],
            [
              100.9285285522912,
              13.273474156907378
            ],
            [
              100.9285592465947,
              13.273367403999758
            ],
            [
              100.928587256954,
              13.27325994541036
            ],
            [
              100.92861256650028,
              13.273151845868641
            ],
            [
              100.92863515999164,
              13.273043170490041
            ],
            [
              100.92865502382233,
              13.272933984736788
            ],
            [
              100.92867214603083,
              13.27282435437844
            ],
            [
              100.92868651630712,
              13.27271434545227
            ],
            [
              100.9286981259989,
              13.2726040242235
            ],
            [
              100.92870696811676,
              13.272493457145384
            ],
            [
              100.92871303733833,
              13.272382710819162
            ],
            [
              100.92871633001155,
              13.27227185195396
            ],
            [
              100.92871684415687,
              13.272160947326602
            ]
          ]
        ]
      },
      "properties": {
        "ชื่อร้าน": "เบสท์ซุป หม่าล่า",
        "ประเภท": "ชั่งขีด",
        "แหล่งท่องเที่ยว_500m": "หาดวอนนภา, ตลาด Wanna Park, สะพานปลาหาดวอนนภา",
        "แหล่งท่องเที่ยว_1000m": "ไม่มี",
        "buffer_m": 500
      }
    },
    {
      "type": "Feature",
      "geometry": {
        "type": "Polygon",
        "coordinates": [
          [
            [
              100.92935280068762,
              13.269949171517773
            ],
            [
              100.92935053587492,
              13.269838287956812
            ],
            [
              100.9293454936226,
              13.26972749223301
            ],
            [
              100.92933767697163,
              13.26961685108489
            ],
            [
              100.92932709063416,
              13.269506431157785
            ],
            [
              100.9293137409906,
              13.26939629896367
            ],
            [
              100.92929763608583,
              13.269286520841138
            ],
            [
              100.92927878562436,
              13.269177162915414
            ],
            [
              100.92925720096437,
              13.26906829105854
            ],
            [
              100.92923289511099,
              13.268959970849684
            ],
            [
              100.92920588270833,
              13.26885226753566
            ],
            [
              100.9291761800308,
              13.268745245991617
            ],
            [
              100.92914380497315,
              13.268638970681955
            ],
            [
              100.9291087770398,
              13.268533505621523
            ],
            [
              100.92907111733301,
              13.26842891433704
            ],
            [
              100.9290308485402,
              13.26832525982884
            ],
            [
              100.92898799492023,
              13.26822260453292
            ],
            [
              100.92894258228888,
              13.268121010283354
            ],
            [
              100.9288946380032,
              13.268020538275032
            ],
            [
              100.92884419094503,
              13.267921249026799
            ],
            [
              100.92879127150366,
              13.26782320234503
            ],
            [
              100.92873591155748,
              13.267726457287576
            ],
            [
              100.92867814445478,
              13.267631072128227
            ],
            [
              100.92861800499365,
              13.267537104321589
            ],
            [
              100.92855552940102,
              13.267444610468488
            ],
            [
              100.92849075531083,
              13.267353646281888
            ],
            [
              100.92842372174142,
              13.267264266553333
            ],
            [
              100.9283544690719,
              13.267176525119927
            ],
            [
              100.92828303901794,
              13.267090474831953
            ],
            [
              100.92820947460658,
              13.267006167520979
            ],
            [
              100.92813382015034,
              13.26692365396872
            ],
            [
              100.92805612122052,
              13.26684298387638
            ],
            [
              100.92797642461974,
              13.26676420583476
            ],
            [
              100.92789477835375,
              13.266687367294983
            ],
            [
              100.92781123160255,
              13.266612514539917
            ],
            [
              100.92772583469068,
              13.266539692656297
            ],
            [
              100.92763863905704,
              13.266468945507569
            ],
            [
              100.92754969722377,
              13.266400315707484
            ],
            [
              100.92745906276471,
              13.266333844594413
            ],
            [
              100.92736679027311,
              13.266269572206479
            ],
            [
              100.9272729353287,
              13.266207537257403
            ],
            [
              100.92717755446431,
              13.26614777711324
            ],
            [
              100.92708070513171,
              13.266090327769826
            ],
            [
              100.92698244566714,
              13.266035223831123
            ],
            [
              100.92688283525602,
              13.265982498488377
            ],
            [
              100.92678193389743,
              13.265932183500125
            ],
            [
              100.92667980236793,
              13.265884309173071
            ],
            [
              100.92657650218494,
              13.265838904343827
            ],
            [
              100.92647209556972,
              13.265795996361545
            ],
            [
              100.9263666454099,
              13.26575561107146
            ],
            [
              100.92626021522155,
              13.265717772799304
            ],
            [
              100.92615286911101,
              13.265682504336665
            ],
            [
              100.92604467173622,
              13.265649826927262
            ],
            [
              100.92593568826783,
              13.265619760254154
            ],
            [
              100.92582598434986,
              13.265592322427867
            ],
            [
              100.92571562606032,
              13.265567529975506
            ],
            [
              100.92560467987126,
              13.265545397830788
            ],
            [
              100.92549321260881,
              13.265525939325059
            ],
            [
              100.92538129141299,
              13.26550916617924
            ],
            [
              100.92526898369715,
              13.265495088496811
            ],
            [
              100.92515635710748,
              13.265483714757675
            ],
            [
              100.9250434794822,
              13.265475051813084
            ],
            [
              100.92493041881075,
              13.2654691048815
            ],
            [
              100.92481724319283,
              13.26546587754545
            ],
            [
              100.92470402079742,
              13.265465371749373
            ],
            [
              100.92459081982166,
              13.265467587798444
            ],
            [
              100.92447770844981,
              13.26547252435838
            ],
            [
              100.92436475481223,
              13.265480178456261
            ],
            [
              100.92425202694427,
              13.26549054548231
            ],
            [
              100.92413959274538,
              13.265503619192664
            ],
            [
              100.92402751993818,
              13.265519391713134
            ],
            [
              100.9239158760276,
              13.265537853543954
            ],
            [
              100.92380472826044,
              13.265558993565486
            ],
            [
              100.92369414358457,
              13.26558279904494
            ],
            [
              100.9235841886089,
              13.265609255644016
            ],
            [
              100.92347492956304,
              13.265638347427544
            ],
            [
              100.92336643225764,
              13.265670056873084
            ],
            [
              100.92325876204445,
              13.26570436488149
            ],
            [
              100.92315198377729,
              13.265741250788386
            ],
            [
              100.92304616177277,
              13.26578069237662
            ],
            [
              100.92294135977163,
              13.265822665889653
            ],
            [
              100.92283764090034,
              13.265867146045847
            ],
            [
              100.92273506763308,
              13.265914106053712
            ],
            [
              100.92263370175418,
              13.265963517628023
            ],
            [
              100.92253360432073,
              13.266015351006853
            ],
            [
              100.92243483562602,
              13.266069574969512
            ],
            [
              100.9223374551631,
              13.266126156855325
            ],
            [
              100.92224152158893,
              13.266185062583332
            ],
            [
              100.92214709268919,
              13.26624625667278
            ],
            [
              100.92205422534327,
              13.26630970226452
            ],
            [
              100.9219629754902,
              13.266375361143181
            ],
            [
              100.92187339809486,
              13.266443193760201
            ],
            [
              100.92178554711487,
              13.26651315925764
            ],
            [
              100.9216994754681,
              13.266585215492784
            ],
            [
              100.92161523500084,
              13.266659319063525
            ],
            [
              100.92153287645652,
              13.266735425334511
            ],
            [
              100.92145244944514,
              13.266813488464017
            ],
            [
              100.92137400241344,
              13.266893461431556
            ],
            [
              100.92129758261564,
              13.266975296066196
            ],
            [
              100.92122323608501,
              13.26705894307558
            ],
            [
              100.92115100760618,
              13.267144352075617
            ],
            [
              100.92108094068811,
              13.267231471620795
            ],
            [
              100.9210130775379,
              13.267320249235219
            ],
            [
              100.92094745903532,
              13.267410631444172
            ],
            [
              100.92088412470825,
              13.267502563806334
            ],
            [
              100.92082311270883,
              13.267595990946585
            ],
            [
              100.92076445979048,
              13.267690856589345
            ],
            [
              100.9207082012857,
              13.267787103592473
            ],
            [
              100.92065437108494,
              13.267884673981678
            ],
            [
              100.92060300161596,
              13.267983508985447
            ],
            [
              100.9205541238245,
              13.26808354907044
            ],
            [
              100.92050776715547,
              13.268184733977339
            ],
            [
              100.9204639595353,
              13.268287002757162
            ],
            [
              100.92042272735512,
              13.268390293807952
            ],
            [
              100.92038409545475,
              13.2684945449119
            ],
            [
              100.92034808710788,
              13.268599693272812
            ],
            [
              100.92031472400792,
              13.268705675553926
            ],
            [
              100.92028402625496,
              13.26881242791609
            ],
            [
              100.92025601234369,
              13.26891988605617
            ],
            [
              100.9202306991522,
              13.269027985245827
            ],
            [
              100.92020810193186,
              13.269136660370478
            ],
            [
              100.92018823429811,
              13.269245845968536
            ],
            [
              100.92017110822215,
              13.269355476270814
            ],
            [
              100.92015673402388,
              13.269465485240177
            ],
            [
              100.92014512036558,
              13.269575806611288
            ],
            [
              100.92013627424669,
              13.269686373930547
            ],
            [
              100.92013020099958,
              13.269797120596113
            ],
            [
              100.9201269042864,
              13.269907979898017
            ],
            [
              100.92012638609677,
              13.27001888505835
            ],
            [
              100.9201286467466,
              13.270129769271495
            ],
            [
              100.92013368487792,
              13.270240565744357
            ],
            [
              100.9201414974597,
              13.270351207736605
            ],
            [
              100.92015207978957,
              13.270461628600886
            ],
            [
              100.92016542549679,
              13.270571761822954
            ],
            [
              100.92018152654593,
              13.27068154106174
            ],
            [
              100.92020037324181,
              13.270790900189336
            ],
            [
              100.92022195423532,
              13.270899773330806
            ],
            [
              100.92024625653013,
              13.271008094903875
            ],
            [
              100.9202732654907,
              13.271115799658455
            ],
            [
              100.92030296485098,
              13.271222822715925
            ],
            [
              100.92033533672412,
              13.271329099608236
            ],
            [
              100.92037036161344,
              13.271434566316723
            ],
            [
              100.92040801842398,
              13.2715391593107
            ],
            [
              100.92044828447534,
              13.27164281558572
            ],
            [
              100.92049113551518,
              13.271745472701522
            ],
            [
              100.92053654573401,
              13.271847068819648
            ],
            [
              100.92058448778059,
              13.271947542740715
            ],
            [
              100.92063493277843,
              13.272046833941259
            ],
            [
              100.92068785034323,
              13.27214488261021
            ],
            [
              100.92074320860111,
              13.27224162968492
            ],
            [
              100.92080097420786,
              13.272337016886755
            ],
            [
              100.920861112369,
              13.272430986756172
            ],
            [
              100.92092358686071,
              13.272523482687387
            ],
            [
              100.92098836005171,
              13.272614448962418
            ],
            [
              100.92105539292585,
              13.272703830784705
            ],
            [
              100.92112464510566,
              13.27279157431209
            ],
            [
              100.92119607487666,
              13.272877626689246
            ],
            [
              100.9212696392125,
              13.272961936079568
            ],
            [
              100.92134529380083,
              13.273044451696348
            ],
            [
              100.92142299307004,
              13.273125123833392
            ],
            [
              100.92150269021671,
              13.273203903894979
            ],
            [
              100.92158433723372,
              13.273280744425117
            ],
            [
              100.92166788493934,
              13.27335559913615
            ],
            [
              100.92175328300665,
              13.273428422936622
            ],
            [
              100.92184047999405,
              13.273499171958477
            ],
            [
              100.92192942337606,
              13.273567803583447
            ],
            [
              100.92202005957513,
              13.273634276468764
            ],
            [
              100.92211233399385,
              13.273698550572043
            ],
            [
              100.92220619104783,
              13.273760587175415
            ],
            [
              100.92230157419914,
              13.273820348908854
            ],
            [
              100.92239842599052,
              13.273877799772697
            ],
            [
              100.92249668807982,
              13.273932905159304
            ],
            [
              100.92259630127526,
              13.273985631873956
            ],
            [
              100.92269720557108,
              13.274035948154799
            ],
            [
              100.92279934018363,
              13.274083823692022
            ],
            [
              100.92290264358807,
              13.274129229646098
            ],
            [
              100.92300705355538,
              13.274172138665163
            ],
            [
              100.92311250718986,
              13.274212524901484
            ],
            [
              100.92321894096705,
              13.274250364027052
            ],
            [
              100.92332629077198,
              13.274285633248224
            ],
            [
              100.9234344919378,
              13.274318311319442
            ],
            [
              100.92354347928476,
              13.274348378556066
            ],
            [
              100.92365318715943,
              13.27437581684621
            ],
            [
              100.92376354947433,
              13.274400609661651
            ],
            [
              100.92387449974768,
              13.27442274206779
            ],
            [
              100.92398597114351,
              13.274442200732663
            ],
            [
              100.92409789651187,
              13.27445897393495
            ],
            [
              100.92421020842933,
              13.274473051571052
            ],
            [
              100.9243228392396,
              13.274484425161171
            ],
            [
              100.92443572109427,
              13.274493087854411
            ],
            [
              100.92454878599371,
              13.274499034432917
            ],
            [
              100.92466196582805,
              13.27450226131501
            ],
            [
              100.92477519241815,
              13.274502766557356
            ],
            [
              100.92488839755678,
              13.274500549856104
            ],
            [
              100.92500151304962,
              13.274495612547108
            ],
            [
              100.9251144707564,
              13.274487957605093
            ],
            [
              100.92522720263196,
              13.274477589641872
            ],
            [
              100.92533964076719,
              13.274464514903567
            ],
            [
              100.92545171743004,
              13.274448741266843
            ],
            [
              100.92556336510617,
              13.27443027823415
            ],
            [
              100.92567451653986,
              13.274409136928025
            ],
            [
              100.92578510477428,
              13.274385330084355
            ],
            [
              100.92589506319203,
              13.274358872044722
            ],
            [
              100.92600432555514,
              13.274329778747772
            ],
            [
              100.92611282604507,
              13.274298067719583
            ],
            [
              100.92622049930227,
              13.274263758063118
            ],
            [
              100.92632728046567,
              13.274226870446727
            ],
            [
              100.92643310521167,
              13.274187427091675
            ],
            [
              100.92653790979293,
              13.27414545175876
            ],
            [
              100.92664163107672,
              13.274100969734
            ],
            [
              100.9267442065831,
              13.274054007813392
            ],
            [
              100.92684557452235,
              13.274004594286772
            ],
            [
              100.92694567383235,
              13.273952758920764
            ],
            [
              100.92704444421535,
              13.273898532940843
            ],
            [
              100.92714182617422,
              13.27384194901255
            ],
            [
              100.92723776104837,
              13.273783041221765
            ],
            [
              100.92733219104905,
              13.273721845054204
            ],
            [
              100.92742505929414,
              13.27365839737403
            ],
            [
              100.92751630984249,
              13.273592736401637
            ],
            [
              100.92760588772755,
              13.273524901690639
            ],
            [
              100.92769373899051,
              13.273454934104018
            ],
            [
              100.92777981071279,
              13.27338287578952
            ],
            [
              100.92786405104795,
              13.273308770154262
            ],
            [
              100.92794640925288,
              13.27323266183857
            ],
            [
              100.92802683571837,
              13.273154596689098
            ],
            [
              100.92810528199904,
              13.2730746217312
            ],
            [
              100.92818170084246,
              13.272992785140595
            ],
            [
              100.92825604621761,
              13.272909136214352
            ],
            [
              100.92832827334271,
              13.272823725341192
            ],
            [
              100.92839833871203,
              13.272736603971127
            ],
            [
              100.92846620012222,
              13.272647824584457
            ],
            [
              100.92853181669769,
              13.272557440660165
            ],
            [
              100.92859514891518,
              13.272465506643702
            ],
            [
              100.92865615862767,
              13.272372077914174
            ],
            [
              100.92871480908725,
              13.27227721075099
            ],
            [
              100.92877106496731,
              13.272180962299954
            ],
            [
              100.92882489238374,
              13.272083390538844
            ],
            [
              100.9288762589155,
              13.271984554242483
            ],
            [
              100.9289251336239,
              13.271884512947322
            ],
            [
              100.9289714870715,
              13.271783326915589
            ],
            [
              100.92901529133955,
              13.271681057098982
            ],
            [
              100.9290565200451,
              13.271577765101958
            ],
            [
              100.92909514835661,
              13.271473513144597
            ],
            [
              100.92913115300908,
              13.27136836402516
            ],
            [
              100.92916451231802,
              13.271262381082222
            ],
            [
              100.92919520619243,
              13.271155628156544
            ],
            [
              100.929223216147,
              13.271048169552607
            ],
            [
              100.92924852531313,
              13.270940069999872
            ],
            [
              100.92927111844917,
              13.270831394613797
            ],
            [
              100.92929098194953,
              13.270722208856602
            ],
            [
              100.92930810385296,
              13.270612578497847
            ],
            [
              100.92932247384961,
              13.270502569574816
            ],
            [
              100.92933408328732,
              13.270392248352719
            ],
            [
              100.92934292517683,
              13.270281681284814
            ],
            [
              100.92934899419592,
              13.270170934972324
            ],
            [
              100.92935228669266,
              13.270060076124372
            ],
            [
              100.92935280068762,
              13.269949171517773
            ]
          ]
        ]
      },
      "properties": {
        "ชื่อร้าน": "Yo-i soup bangsaen",
        "ประเภท": "ชั่งขีด",
        "แหล่งท่องเที่ยว_500m": "หาดวอนนภา, สะพานปลาหาดวอนนภา",
        "แหล่งท่องเที่ยว_1000m": "ตลาด Wanna Park",
        "buffer_m": 500
      }
    },
    {
      "type": "Feature",
      "geometry": {
        "type": "Polygon",
        "coordinates": [
          [
            [
              100.92349183321663,
              13.281422228112735
            ],
            [
              100.92348957021021,
              13.281311344244497
            ],
            [
              100.92348452962295,
              13.281200548167488
            ],
            [
              100.92347671449488,
              13.281089906620448
            ],
            [
              100.92346612953719,
              13.280979486248945
            ],
            [
              100.92345278112948,
              13.280869353565231
            ],
            [
              100.92343667731593,
              13.280759574908194
            ],
            [
              100.92341782780032,
              13.280650216403377
            ],
            [
              100.92339624394033,
              13.280541343923174
            ],
            [
              100.92337193874056,
              13.280433023047136
            ],
            [
              100.9233449268448,
              13.28032531902247
            ],
            [
              100.92331522452709,
              13.28021829672476
            ],
            [
              100.923282849682,
              13.280112020618859
            ],
            [
              100.92324782181382,
              13.280006554720096
            ],
            [
              100.92321016202476,
              13.279901962555696
            ],
            [
              100.92316989300231,
              13.279798307126516
            ],
            [
              100.9231270390055,
              13.27969565086912
            ],
            [
              100.92308162585027,
              13.279594055618153
            ],
            [
              100.92303368089404,
              13.27949358256911
            ],
            [
              100.92298323301905,
              13.279394292241468
            ],
            [
              100.92293031261508,
              13.279296244442243
            ],
            [
              100.92287495156113,
              13.279199498229966
            ],
            [
              100.9228171832061,
              13.279104111879114
            ],
            [
              100.92275704234889,
              13.279010142845019
            ],
            [
              100.92269456521726,
              13.278917647729243
            ],
            [
              100.92262978944608,
              13.278826682245509
            ],
            [
              100.9225627540547,
              13.278737301186135
            ],
            [
              100.92249349942334,
              13.278649558389036
            ],
            [
              100.92242206726883,
              13.278563506705304
            ],
            [
              100.9223485006195,
              13.278479197967364
            ],
            [
              100.92227284378923,
              13.278396682957773
            ],
            [
              100.92219514235073,
              13.278316011378616
            ],
            [
              100.92211544310814,
              13.27823723182159
            ],
            [
              100.92203379406881,
              13.278160391738727
            ],
            [
              100.9219502444144,
              13.278085537413821
            ],
            [
              100.92186484447122,
              13.278012713934556
            ],
            [
              100.92177764567997,
              13.27794196516534
            ],
            [
              100.9216887005647,
              13.277873333720887
            ],
            [
              100.92159806270125,
              13.277806860940565
            ],
            [
              100.92150578668489,
              13.277742586863495
            ],
            [
              100.92141192809751,
              13.27768055020442
            ],
            [
              100.9213165434741,
              13.277620788330411
            ],
            [
              100.92121969026873,
              13.277563337238355
            ],
            [
              100.92112142681992,
              13.27750823153326
            ],
            [
              100.92102181231554,
              13.277455504407436
            ],
            [
              100.92092090675713,
              13.27740518762049
            ],
            [
              100.92081877092373,
              13.277357311480209
            ],
            [
              100.92071546633542,
              13.277311904824291
            ],
            [
              100.92061105521606,
              13.277268995002995
            ],
            [
              100.92050560045601,
              13.27722860786265
            ],
            [
              100.92039916557412,
              13.277190767730103
            ],
            [
              100.92029181467954,
              13.277155497398066
            ],
            [
              100.92018361243309,
              13.277122818111378
            ],
            [
              100.92007462400838,
              13.277092749554228
            ],
            [
              100.91996491505238,
              13.277065309838274
            ],
            [
              100.91985455164613,
              13.277040515491752
            ],
            [
              100.91974360026478,
              13.277018381449528
            ],
            [
              100.91963212773761,
              13.276998921044079
            ],
            [
              100.91952020120776,
              13.276982145997476
            ],
            [
              100.9194078880918,
              13.276968066414334
            ],
            [
              100.91929525603918,
              13.276956690775704
            ],
            [
              100.9191823728914,
              13.276948025933981
            ],
            [
              100.91906930664123,
              13.276942077108766
            ],
            [
              100.91895612539176,
              13.276938847883724
            ],
            [
              100.91884289731529,
              13.276938340204431
            ],
            [
              100.91872969061241,
              13.276940554377193
            ],
            [
              100.91861657347083,
              13.276945489068865
            ],
            [
              100.91850361402437,
              13.276953141307636
            ],
            [
              100.91839088031192,
              13.27696350648486
            ],
            [
              100.9182784402364,
              13.276976578357777
            ],
            [
              100.91816636152396,
              13.276992349053307
            ],
            [
              100.91805471168314,
              13.277010809072783
            ],
            [
              100.91794355796422,
              13.277031947297658
            ],
            [
              100.91783296731873,
              13.277055750996222
            ],
            [
              100.91772300635914,
              13.277082205831249
            ],
            [
              100.91761374131868,
              13.277111295868625
            ],
            [
              100.91750523801154,
              13.277143003586971
            ],
            [
              100.91739756179318,
              13.277177309888174
            ],
            [
              100.91729077752098,
              13.277214194108886
            ],
            [
              100.91718494951515,
              13.27725363403297
            ],
            [
              100.91708014152006,
              13.27729560590489
            ],
            [
              100.91697641666579,
              13.277340084444
            ],
            [
              100.91687383743013,
              13.277387042859782
            ],
            [
              100.91677246560096,
              13.277436452867967
            ],
            [
              100.91667236223901,
              13.277488284707578
            ],
            [
              100.9165735876411,
              13.277542507158842
            ],
            [
              100.91647620130381,
              13.277599087562008
            ],
            [
              100.91638026188771,
              13.277657991837
            ],
            [
              100.91628582718191,
              13.277719184503946
            ],
            [
              100.91619295406934,
              13.277782628704555
            ],
            [
              100.91610169849253,
              13.277848286224291
            ],
            [
              100.91601211541973,
              13.277916117515414
            ],
            [
              100.91592425881203,
              13.277986081720783
            ],
            [
              100.91583818159067,
              13.278058136698466
            ],
            [
              100.91575393560532,
              13.278132239047112
            ],
            [
              100.9156715716027,
              13.27820834413211
            ],
            [
              100.91559113919611,
              13.278286406112441
            ],
            [
              100.91551268683553,
              13.27836637796832
            ],
            [
              100.91543626177838,
              13.278448211529488
            ],
            [
              100.91536191006114,
              13.278531857504232
            ],
            [
              100.91528967647153,
              13.278617265509085
            ],
            [
              100.91521960452158,
              13.278704384099145
            ],
            [
              100.91515173642144,
              13.278793160799083
            ],
            [
              100.91508611305385,
              13.278883542134732
            ],
            [
              100.91502277394963,
              13.278975473665321
            ],
            [
              100.91496175726378,
              13.279068900016213
            ],
            [
              100.91490309975255,
              13.279163764912315
            ],
            [
              100.91484683675122,
              13.27926001121194
            ],
            [
              100.91479300215292,
              13.279357580941214
            ],
            [
              100.9147416283881,
              13.279456415329031
            ],
            [
              100.91469274640505,
              13.279556454842416
            ],
            [
              100.91464638565124,
              13.279657639222407
            ],
            [
              100.91460257405554,
              13.279759907520337
            ],
            [
              100.91456133801148,
              13.279863198134544
            ],
            [
              100.91452270236121,
              13.279967448847485
            ],
            [
              100.91448669038067,
              13.280072596863194
            ],
            [
              100.91445332376546,
              13.280178578845133
            ],
            [
              100.91442262261782,
              13.280285330954328
            ],
            [
              100.91439460543445,
              13.280392788887797
            ],
            [
              100.91436928909546,
              13.280500887917329
            ],
            [
              100.91434668885407,
              13.280609562928442
            ],
            [
              100.91432681832754,
              13.28071874845961
            ],
            [
              100.91430968948885,
              13.2808283787417
            ],
            [
              100.91429531265956,
              13.280938387737587
            ],
            [
              100.91428369650352,
              13.281048709181919
            ],
            [
              100.91427484802169,
              13.281159276621057
            ],
            [
              100.91426877254789,
              13.281270023453088
            ],
            [
              100.91426547374556,
              13.281380882967941
            ],
            [
              100.91426495360561,
              13.281491788387584
            ],
            [
              100.91426721244515,
              13.281602672906246
            ],
            [
              100.91427224890728,
              13.281713469730647
            ],
            [
              100.91428005996197,
              13.281824112120251
            ],
            [
              100.9142906409078,
              13.281934533427457
            ],
            [
              100.91430398537483,
              13.282044667137763
            ],
            [
              100.91432008532843,
              13.282154446909804
            ],
            [
              100.91433893107406,
              13.282263806615353
            ],
            [
              100.91436051126315,
              13.282372680379122
            ],
            [
              100.91438481289994,
              13.282481002618473
            ],
            [
              100.91441182134925,
              13.282588708082905
            ],
            [
              100.91444152034528,
              13.282695731893378
            ],
            [
              100.91447389200151,
              13.282802009581383
            ],
            [
              100.91450891682132,
              13.282907477127784
            ],
            [
              100.91454657370983,
              13.283012071001389
            ],
            [
              100.91458683998657,
              13.283115728197217
            ],
            [
              100.91462969139911,
              13.283218386274456
            ],
            [
              100.91467510213769,
              13.283319983394069
            ],
            [
              100.9147230448508,
              13.283420458356069
            ],
            [
              100.91477349066153,
              13.283519750636364
            ],
            [
              100.91482640918511,
              13.283617800423231
            ],
            [
              100.91488176854706,
              13.283714548653354
            ],
            [
              100.91493953540255,
              13.2838099370474
            ],
            [
              100.91499967495632,
              13.283903908145108
            ],
            [
              100.9150621509837,
              13.283996405339945
            ],
            [
              100.91512692585252,
              13.28408737291318
            ],
            [
              100.9151939605456,
              13.284176756067463
            ],
            [
              100.9152632146844,
              13.284264500959832
            ],
            [
              100.91533464655326,
              13.284350554734145
            ],
            [
              100.91540821312455,
              13.28443486555294
            ],
            [
              100.91548387008459,
              13.284517382628659
            ],
            [
              100.91556157186034,
              13.284598056254223
            ],
            [
              100.91564127164683,
              13.284676837833011
            ],
            [
              100.91572292143546,
              13.284753679908121
            ],
            [
              100.91580647204272,
              13.284828536190956
            ],
            [
              100.91589187313998,
              13.284901361589123
            ],
            [
              100.91597907328384,
              13.284972112233595
            ],
            [
              100.91606801994689,
              13.28504074550512
            ],
            [
              100.91615865954967,
              13.285107220059944
            ],
            [
              100.91625093749262,
              13.285171495854671
            ],
            [
              100.91634479818927,
              13.285233534170418
            ],
            [
              100.91644018509953,
              13.285293297636114
            ],
            [
              100.91653704076383,
              13.285350750251053
            ],
            [
              100.9166353068377,
              13.285405857406545
            ],
            [
              100.91673492412698,
              13.285458585906797
            ],
            [
              100.91683583262342,
              13.28550890398888
            ],
            [
              100.91693797154085,
              13.285556781341896
            ],
            [
              100.91704127935184,
              13.285602189125218
            ],
            [
              100.9171456938247,
              13.28564509998588
            ],
            [
              100.91725115206101,
              13.285685488075037
            ],
            [
              100.91735759053356,
              13.285723329063568
            ],
            [
              100.91746494512454,
              13.285758600156688
            ],
            [
              100.9175731511642,
              13.285791280107734
            ],
            [
              100.91768214346988,
              13.285821349230913
            ],
            [
              100.91779185638514,
              13.285848789413206
            ],
            [
              100.91790222381947,
              13.285873584125246
            ],
            [
              100.91801317928802,
              13.285895718431293
            ],
            [
              100.91812465595164,
              13.285915178998234
            ],
            [
              100.91823658665724,
              13.285931954103601
            ],
            [
              100.91834890397818,
              13.285946033642649
            ],
            [
              100.9184615402549,
              13.285957409134426
            ],
            [
              100.91857442763569,
              13.285966073726899
            ],
            [
              100.91868749811759,
              13.285972022201056
            ],
            [
              100.91880068358736,
              13.28597525097408
            ],
            [
              100.91891391586248,
              13.28597575810149
            ],
            [
              100.91902712673226,
              13.28597354327831
            ],
            [
              100.91914024799894,
              13.285968607839246
            ],
            [
              100.9192532115188,
              13.28596095475791
            ],
            [
              100.91936594924312,
              13.285950588644985
            ],
            [
              100.9194783932593,
              13.285937515745477
            ],
            [
              100.9195904758317,
              13.28592174393494
            ],
            [
              100.9197021294425,
              13.285903282714731
            ],
            [
              100.91981328683231,
              13.285882143206285
            ],
            [
              100.91992388104076,
              13.28585833814441
            ],
            [
              100.92003384544685,
              13.285831881869619
            ],
            [
              100.92014311380898,
              13.28580279031948
            ],
            [
              100.92025162030497,
              13.28577108101903
            ],
            [
              100.9203592995717,
              13.285736773070191
            ],
            [
              100.92046608674444,
              13.285699887140279
            ],
            [
              100.92057191749599,
              13.285660445449542
            ],
            [
              100.92067672807536,
              13.285618471757777
            ],
            [
              100.92078045534625,
              13.285573991350017
            ],
            [
              100.92088303682505,
              13.28552703102128
            ],
            [
              100.92098441071846,
              13.285477619060448
            ],
            [
              100.92108451596081,
              13.285425785233194
            ],
            [
              100.92118329225073,
              13.285371560764078
            ],
            [
              100.92128068008755,
              13.285314978317723
            ],
            [
              100.92137662080711,
              13.28525607197912
            ],
            [
              100.92147105661714,
              13.285194877233112
            ],
            [
              100.92156393063205,
              13.285131430943004
            ],
            [
              100.92165518690719,
              13.285065771328355
            ],
            [
              100.92174477047254,
              13.284997937941961
            ],
            [
              100.9218326273659,
              13.284927971646011
            ],
            [
              100.92191870466529,
              13.28485591458747
            ],
            [
              100.92200295052089,
              13.284781810172703
            ],
            [
              100.92208531418625,
              13.284705703041297
            ],
            [
              100.92216574604893,
              13.2846276390392
            ],
            [
              100.92224419766023,
              13.284547665191077
            ],
            [
              100.92232062176453,
              13.284465829671976
            ],
            [
              100.92239497232767,
              13.284382181778327
            ],
            [
              100.9224672045647,
              13.284296771898227
            ],
            [
              100.92253727496681,
              13.284209651481094
            ],
            [
              100.92260514132767,
              13.284120873006648
            ],
            [
              100.92267076276865,
              13.284030489953341
            ],
            [
              100.92273409976362,
              13.283938556766088
            ],
            [
              100.92279511416261,
              13.283845128823504
            ],
            [
              100.92285376921491,
              13.283750262404519
            ],
            [
              100.92291002959115,
              13.283654014654498
            ],
            [
              100.92296386140457,
              13.2835564435508
            ],
            [
              100.92301523223136,
              13.283457607867845
            ],
            [
              100.92306411113036,
              13.283357567141724
            ],
            [
              100.92311046866153,
              13.283256381634326
            ],
            [
              100.92315427690372,
              13.283154112297035
            ],
            [
              100.92319550947153,
              13.283050820734012
            ],
            [
              100.92323414153113,
              13.282946569165091
            ],
            [
              100.92327014981527,
              13.282841420388294
            ],
            [
              100.92330351263723,
              13.282735437741994
            ],
            [
              100.92333420990396,
              13.282628685066774
            ],
            [
              100.92336222312804,
              13.282521226666969
            ],
            [
              100.92338753543895,
              13.282413127271917
            ],
            [
              100.92341013159314,
              13.282304451996984
            ],
            [
              100.92342999798322,
              13.282195266304322
            ],
            [
              100.92344712264615,
              13.282085635963465
            ],
            [
              100.92346149527046,
              13.281975627011676
            ],
            [
              100.92347310720241,
              13.281865305714193
            ],
            [
              100.92348195145124,
              13.28175473852431
            ],
            [
              100.92348802269329,
              13.281643992043339
            ],
            [
              100.92349131727534,
              13.281533132980497
            ],
            [
              100.92349183321663,
              13.281422228112735
            ]
          ]
        ]
      },
      "properties": {
        "ชื่อร้าน": "ทงทงหมาล่า",
        "ประเภท": "ชั่งขีด",
        "แหล่งท่องเที่ยว_500m": "หาดบางแสน",
        "แหล่งท่องเที่ยว_1000m": "พิพิธภัณฑ์สัตว์น้ำบางแสน, ตลาด Wanna Park",
        "buffer_m": 500
      }
    },
    {
      "type": "Feature",
      "geometry": {
        "type": "Polygon",
        "coordinates": [
          [
            [
              100.9306181034461,
              13.270278177762457
            ],
            [
              100.93061583803618,
              13.270167294294529
            ],
            [
              100.93061079518533,
              13.270056498678015
            ],
            [
              100.93060297793491,
              13.269945857651374
            ],
            [
              100.9305923909974,
              13.269835437859854
            ],
            [
              100.9305790407536,
              13.269725305815362
            ],
            [
              100.93056293524876,
              13.269615527856399
            ],
            [
              100.9305440841877,
              13.269506170108084
            ],
            [
              100.93052249892902,
              13.269397298442351
            ],
            [
              100.93049819247815,
              13.269288978438267
            ],
            [
              100.93047117947962,
              13.269181275342504
            ],
            [
              100.93044147620817,
              13.269074254030087
            ],
            [
              100.93040910055892,
              13.268967978965279
            ],
            [
              100.93037407203663,
              13.268862514162784
            ],
            [
              100.93033641174391,
              13.26875792314915
            ],
            [
              100.93029614236855,
              13.268654268924562
            ],
            [
              100.93025328816975,
              13.268551613924842
            ],
            [
              100.93020787496364,
              13.268450019983883
            ],
            [
              100.93015993010762,
              13.268349548296388
            ],
            [
              100.93010948248387,
              13.26825025938102
            ],
            [
              100.93005656248205,
              13.268152213043933
            ],
            [
              100.93000120198084,
              13.26805546834279
            ],
            [
              100.92994343432889,
              13.26796008355115
            ],
            [
              100.92988329432461,
              13.26786611612341
            ],
            [
              100.92982081819525,
              13.267773622660162
            ],
            [
              100.92975604357513,
              13.267682658874135
            ],
            [
              100.92968900948281,
              13.26759327955663
            ],
            [
              100.92961975629778,
              13.267505538544508
            ],
            [
              100.92954832573602,
              13.26741948868779
            ],
            [
              100.92947476082486,
              13.267335181817797
            ],
            [
              100.92939910587714,
              13.267252668715965
            ],
            [
              100.92932140646442,
              13.267171999083233
            ],
            [
              100.92924170938964,
              13.267093221510125
            ],
            [
              100.92916006265882,
              13.267016383447485
            ],
            [
              100.92907651545225,
              13.266941531177883
            ],
            [
              100.92899111809474,
              13.266868709787769
            ],
            [
              100.92890392202544,
              13.266797963140295
            ],
            [
              100.92881497976678,
              13.266729333848902
            ],
            [
              100.92872434489286,
              13.266662863251664
            ],
            [
              100.92863207199716,
              13.26659859138638
            ],
            [
              100.92853821665966,
              13.266536556966471
            ],
            [
              100.9284428354134,
              13.266476797357663
            ],
            [
              100.92834598571044,
              13.266419348555472
            ],
            [
              100.92824772588718,
              13.266364245163537
            ],
            [
              100.92814811512929,
              13.26631152037277
            ],
            [
              100.92804721343606,
              13.266261205941383
            ],
            [
              100.92794508158421,
              13.266213332175745
            ],
            [
              100.92784178109143,
              13.266167927912118
            ],
            [
              100.92773737417909,
              13.266125020499322
            ],
            [
              100.92763192373504,
              13.26608463578225
            ],
            [
              100.92752549327551,
              13.266046798086284
            ],
            [
              100.92741814690702,
              13.266011530202666
            ],
            [
              100.92730994928763,
              13.26597885337478
            ],
            [
              100.92720096558816,
              13.265948787285318
            ],
            [
              100.92709126145277,
              13.265921350044458
            ],
            [
              100.92698090295958,
              13.265896558178957
            ],
            [
              100.92686995658079,
              13.265874426622176
            ],
            [
              100.92675848914266,
              13.265854968705108
            ],
            [
              100.92664656778526,
              13.265838196148326
            ],
            [
              100.92653425992206,
              13.265824119054944
            ],
            [
              100.92642163319935,
              13.265812745904515
            ],
            [
              100.92630875545542,
              13.26580408354794
            ],
            [
              100.9261956946798,
              13.265798137203323
            ],
            [
              100.92608251897225,
              13.265794910452843
            ],
            [
              100.92596929650178,
              13.265794405240582
            ],
            [
              100.92585609546556,
              13.265796621871361
            ],
            [
              100.92574298404794,
              13.265801559010555
            ],
            [
              100.92563003037928,
              13.265809213684891
            ],
            [
              100.92551730249494,
              13.265819581284246
            ],
            [
              100.9254048682944,
              13.26583265556441
            ],
            [
              100.92529279550025,
              13.26584842865085
            ],
            [
              100.92518115161747,
              13.265866891043464
            ],
            [
              100.92507000389274,
              13.265888031622277
            ],
            [
              100.92495941927402,
              13.265911837654158
            ],
            [
              100.92484946437013,
              13.265938294800474
            ],
            [
              100.92474020541066,
              13.265967387125734
            ],
            [
              100.92463170820615,
              13.265999097107168
            ],
            [
              100.92452403810836,
              13.266033405645304
            ],
            [
              100.924417259971,
              13.26607029207545
            ],
            [
              100.9243114381106,
              13.266109734180136
            ],
            [
              100.92420663626785,
              13.266151708202516
            ],
            [
              100.92410291756909,
              13.26619618886065
            ],
            [
              100.92400034448843,
              13.266243149362737
            ],
            [
              100.92389897881002,
              13.266292561423255
            ],
            [
              100.9237988815909,
              13.266344395279988
            ],
            [
              100.92370011312421,
              13.266398619711962
            ],
            [
              100.92360273290285,
              13.266455202058212
            ],
            [
              100.92350679958366,
              13.266514108237502
            ],
            [
              100.92341237095212,
              13.266575302768812
            ],
            [
              100.92331950388751,
              13.266638748792724
            ],
            [
              100.92322825432868,
              13.266704408093611
            ],
            [
              100.92313867724029,
              13.26677224112265
            ],
            [
              100.92305082657982,
              13.266842207021654
            ],
            [
              100.92296475526494,
              13.26691426364767
            ],
            [
              100.92288051514176,
              13.266988367598358
            ],
            [
              100.92279815695345,
              13.267064474238136
            ],
            [
              100.92271773030983,
              13.267142537725045
            ],
            [
              100.92263928365742,
              13.267222511038394
            ],
            [
              100.92256286425018,
              13.267304346007043
            ],
            [
              100.92248851812121,
              13.267387993338431
            ],
            [
              100.92241629005487,
              13.267473402648273
            ],
            [
              100.92234622355984,
              13.26756052249087
            ],
            [
              100.92227836084297,
              13.26764930039015
            ],
            [
              100.9222127427838,
              13.267739682871222
            ],
            [
              100.92214940890995,
              13.267831615492602
            ],
            [
              100.92208839737324,
              13.267925042879018
            ],
            [
              100.92202974492683,
              13.268019908754738
            ],
            [
              100.92197348690298,
              13.268116155977479
            ],
            [
              100.9219196571918,
              13.268213726572819
            ],
            [
              100.92186828822078,
              13.268312561769124
            ],
            [
              100.92181941093534,
              13.26841260203293
            ],
            [
              100.9217730547801,
              13.268513787104823
            ],
            [
              100.92172924768118,
              13.268616056035707
            ],
            [
              100.9216880160294,
              13.268719347223549
            ],
            [
              100.92164938466426,
              13.268823598450442
            ],
            [
              100.92161337685911,
              13.268928746920126
            ],
            [
              100.92158001430704,
              13.269034729295777
            ],
            [
              100.92154931710785,
              13.269141481738176
            ],
            [
              100.92152130375584,
              13.269248939944154
            ],
            [
              100.92149599112882,
              13.26935703918532
            ],
            [
              100.92147339447777,
              13.269465714347062
            ],
            [
              100.9214535274178,
              13.269574899967768
            ],
            [
              100.92143640191978,
              13.269684530278246
            ],
            [
              100.92142202830324,
              13.269794539241344
            ],
            [
              100.92141041523014,
              13.26990486059174
            ],
            [
              100.92140156969953,
              13.270015427875844
            ],
            [
              100.92139549704348,
              13.270126174491828
            ],
            [
              100.92139220092373,
              13.270237033729757
            ],
            [
              100.92139168332955,
              13.270347938811762
            ],
            [
              100.92139394457654,
              13.270458822932271
            ],
            [
              100.92139898330632,
              13.270569619298245
            ],
            [
              100.92140679648749,
              13.270680261169417
            ],
            [
              100.92141737941738,
              13.270790681898507
            ],
            [
              100.92143072572482,
              13.270900814971345
            ],
            [
              100.92144682737407,
              13.27101059404696
            ],
            [
              100.92146567466958,
              13.271119952997537
            ],
            [
              100.92148725626183,
              13.271228825948244
            ],
            [
              100.9215115591542,
              13.271337147316933
            ],
            [
              100.92153856871077,
              13.271444851853623
            ],
            [
              100.92156826866507,
              13.271551874679828
            ],
            [
              100.92160064112997,
              13.271658151327642
            ],
            [
              100.92163566660841,
              13.271763617778547
            ],
            [
              100.92167332400506,
              13.271868210502014
            ],
            [
              100.92171359063916,
              13.271971866493748
            ],
            [
              100.92175644225806,
              13.272074523313668
            ],
            [
              100.92180185305187,
              13.27217611912349
            ],
            [
              100.92184979566905,
              13.272276592724017
            ],
            [
              100.92190024123275,
              13.27237588359198
            ],
            [
              100.9219531593583,
              13.272473931916506
            ],
            [
              100.92200851817152,
              13.272570678635159
            ],
            [
              100.92206628432785,
              13.272666065469512
            ],
            [
              100.92212642303248,
              13.27276003496025
            ],
            [
              100.92218889806126,
              13.27285253050181
            ],
            [
              100.92225367178257,
              13.27294349637645
            ],
            [
              100.92232070517997,
              13.273032877787854
            ],
            [
              100.92238995787567,
              13.2731206208941
            ],
            [
              100.92246138815487,
              13.27320667284013
            ],
            [
              100.92253495299093,
              13.273290981789586
            ],
            [
              100.92261060807117,
              13.273373496956022
            ],
            [
              100.92268830782369,
              13.273454168633531
            ],
            [
              100.92276800544478,
              13.27353294822666
            ],
            [
              100.92284965292707,
              13.273609788279698
            ],
            [
              100.92293320108847,
              13.273684642505277
            ],
            [
              100.92301859960187,
              13.273757465812238
            ],
            [
              100.92310579702533,
              13.273828214332813
            ],
            [
              100.92319474083317,
              13.273896845449045
            ],
            [
              100.92328537744757,
              13.273963317818469
            ],
            [
              100.92337765227084,
              13.274027591399008
            ],
            [
              100.92347150971834,
              13.274089627473115
            ],
            [
              100.92356689325194,
              13.274149388671079
            ],
            [
              100.92366374541413,
              13.274206838993551
            ],
            [
              100.92376200786254,
              13.274261943833237
            ],
            [
              100.92386162140517,
              13.274314669995727
            ],
            [
              100.92396252603604,
              13.274364985719517
            ],
            [
              100.92406466097133,
              13.274412860695119
            ],
            [
              100.92416796468596,
              13.274458266083348
            ],
            [
              100.92427237495076,
              13.27450117453268
            ],
            [
              100.92437782886984,
              13.274541560195736
            ],
            [
              100.92448426291857,
              13.274579398744839
            ],
            [
              100.9245916129818,
              13.274614667386695
            ],
            [
              100.92469981439254,
              13.274647344876104
            ],
            [
              100.9248088019709,
              13.27467741152877
            ],
            [
              100.92491851006328,
              13.27470484923316
            ],
            [
              100.9250288725821,
              13.274729641461406
            ],
            [
              100.92513982304546,
              13.274751773279265
            ],
            [
              100.92525129461723,
              13.274771231355121
            ],
            [
              100.92536322014739,
              13.274788003968013
            ],
            [
              100.9254755322124,
              13.274802081014696
            ],
            [
              100.92558816315591,
              13.274813454015728
            ],
            [
              100.92570104512939,
              13.274822116120571
            ],
            [
              100.92581411013317,
              13.274828062111716
            ],
            [
              100.92592729005729,
              13.274831288407853
            ],
            [
              100.92604051672257,
              13.274831793065985
            ],
            [
              100.92615372192172,
              13.274829575782626
            ],
            [
              100.9262668374604,
              13.274824637893975
            ],
            [
              100.92637979519833,
              13.274816982375107
            ],
            [
              100.92649252709029,
              13.274806613838185
            ],
            [
              100.92660496522718,
              13.27479353852967
            ],
            [
              100.92671704187693,
              13.274777764326577
            ],
            [
              100.92682868952527,
              13.274759300731706
            ],
            [
              100.92693984091642,
              13.274738158867914
            ],
            [
              100.92705042909363,
              13.274714351471436
            ],
            [
              100.92716038743949,
              13.27468789288419
            ],
            [
              100.92726964971611,
              13.274658799045136
            ],
            [
              100.92737815010496,
              13.274627087480697
            ],
            [
              100.92748582324661,
              13.274592777294156
            ],
            [
              100.92759260428004,
              13.274555889154177
            ],
            [
              100.9276984288817,
              13.274516445282343
            ],
            [
              100.92780323330435,
              13.274474469439763
            ],
            [
              100.92790695441538,
              13.274429986912763
            ],
            [
              100.92800952973491,
              13.274383024497643
            ],
            [
              100.92811089747336,
              13.274333610484534
            ],
            [
              100.92821099656875,
              13.274281774640356
            ],
            [
              100.92830976672343,
              13.27422754819088
            ],
            [
              100.92840714844043,
              13.274170963801915
            ],
            [
              100.92850308305925,
              13.274112055559625
            ],
            [
              100.92859751279137,
              13.274050858950002
            ],
            [
              100.92869038075479,
              13.27398741083747
            ],
            [
              100.92878163100855,
              13.273921749442694
            ],
            [
              100.92887120858626,
              13.27385391431953
            ],
            [
              100.92895905952929,
              13.273783946331212
            ],
            [
              100.92904513091928,
              13.273711887625732
            ],
            [
              100.92912937090996,
              13.273637781610438
            ],
            [
              100.92921172875845,
              13.273561672925887
            ],
            [
              100.92929215485576,
              13.273483607418953
            ],
            [
              100.9293706007567,
              13.273403632115212
            ],
            [
              100.92944701920909,
              13.273321795190585
            ],
            [
              100.92952136418216,
              13.273238145942347
            ],
            [
              100.92959359089437,
              13.273152734759407
            ],
            [
              100.92966365584019,
              13.273065613091967
            ],
            [
              100.9297315168166,
              13.272976833420502
            ],
            [
              100.92979713294821,
              13.272886449224176
            ],
            [
              100.92986046471206,
              13.272794514948597
            ],
            [
              100.92992147396141,
              13.27270108597303
            ],
            [
              100.9299801239486,
              13.272606218577026
            ],
            [
              100.93003637934731,
              13.272509969906535
            ],
            [
              100.93009020627376,
              13.272412397939465
            ],
            [
              100.93014157230715,
              13.272313561450764
            ],
            [
              100.93019044650913,
              13.272213519976997
            ],
            [
              100.93023679944253,
              13.2721123337805
            ],
            [
              100.93028060318896,
              13.272010063813074
            ],
            [
              100.93032183136573,
              13.271906771679257
            ],
            [
              100.93036045914167,
              13.271802519599223
            ],
            [
              100.93039646325207,
              13.271697370371296
            ],
            [
              100.93042982201278,
              13.271591387334123
            ],
            [
              100.93046051533312,
              13.271484634328518
            ],
            [
              100.93048852472812,
              13.271377175659014
            ],
            [
              100.93051383332951,
              13.271269076055109
            ],
            [
              100.930536425896,
              13.271160400632287
            ],
            [
              100.93055628882233,
              13.271051214852793
            ],
            [
              100.93057341014759,
              13.270941584486204
            ],
            [
              100.93058777956229,
              13.270831575569803
            ],
            [
              100.93059938841462,
              13.270721254368805
            ],
            [
              100.93060822971565,
              13.270610687336438
            ],
            [
              100.93061429814355,
              13.270499941073918
            ],
            [
              100.93061759004674,
              13.270389082290333
            ],
            [
              100.9306181034461,
              13.270278177762457
            ]
          ]
        ]
      },
      "properties": {
        "ชื่อร้าน": "Super Soup MaLaTang",
        "ประเภท": "ชั่งขีด",
        "แหล่งท่องเที่ยว_500m": "หาดวอนนภา, สะพานปลาหาดวอนนภา",
        "แหล่งท่องเที่ยว_1000m": "ตลาด Wanna Park",
        "buffer_m": 500
      }
    },
    {
      "type": "Feature",
      "geometry": {
        "type": "Polygon",
        "coordinates": [
          [
            [
              100.92938615326578,
              13.28862585273321
            ],
            [
              100.92938388705481,
              13.28851496935138
            ],
            [
              100.92937884319268,
              13.288404173836026
            ],
            [
              100.92937102472135,
              13.28829353292554
            ],
            [
              100.92936043635406,
              13.28818311326511
            ],
            [
              100.92934708447247,
              13.288072981366557
            ],
            [
              100.9293309771228,
              13.28796320356829
            ],
            [
              100.92931212401103,
              13.287853845995336
            ],
            [
              100.92929053649695,
              13.28774497451953
            ],
            [
              100.92926622758742,
              13.287636654719808
            ],
            [
              100.9292392119284,
              13.287528951842733
            ],
            [
              100.92920950579625,
              13.287421930763188
            ],
            [
              100.92917712708784,
              13.2873156559453
            ],
            [
              100.92914209530974,
              13.287210191403611
            ],
            [
              100.92910443156657,
              13.287105600664532
            ],
            [
              100.92906415854817,
              13.287001946728063
            ],
            [
              100.92902130051597,
              13.286899292029858
            ],
            [
              100.92897588328837,
              13.286797698403632
            ],
            [
              100.92892793422523,
              13.286697227043886
            ],
            [
              100.92887748221126,
              13.286597938469086
            ],
            [
              100.92882455763875,
              13.28649989248519
            ],
            [
              100.92876919238918,
              13.286403148149633
            ],
            [
              100.92871141981402,
              13.28630776373576
            ],
            [
              100.92865127471465,
              13.286213796697732
            ],
            [
              100.92858879332144,
              13.286121303635909
            ],
            [
              100.92852401327181,
              13.286030340262778
            ],
            [
              100.92845697358767,
              13.285940961369379
            ],
            [
              100.92838771465183,
              13.285853220792326
            ],
            [
              100.92831627818376,
              13.285767171381368
            ],
            [
              100.92824270721432,
              13.28568286496756
            ],
            [
              100.92816704606001,
              13.285600352332057
            ],
            [
              100.92808934029617,
              13.285519683175517
            ],
            [
              100.9280096367295,
              13.285440906088175
            ],
            [
              100.92792798337,
              13.285364068520575
            ],
            [
              100.92784442940189,
              13.285289216754999
            ],
            [
              100.92775902515409,
              13.285216395877573
            ],
            [
              100.9276718220699,
              13.285145649751144
            ],
            [
              100.92758287267597,
              13.285077020988844
            ],
            [
              100.92749223055065,
              13.285010550928419
            ],
            [
              100.92739995029187,
              13.284946279607343
            ],
            [
              100.92730608748398,
              13.284884245738706
            ],
            [
              100.92721069866457,
              13.284824486687905
            ],
            [
              100.92711384129021,
              13.284767038450108
            ],
            [
              100.92701557370194,
              13.28471193562862
            ],
            [
              100.92691595509011,
              13.284659211414
            ],
            [
              100.92681504545872,
              13.284608897564116
            ],
            [
              100.9267129055893,
              13.284561024384974
            ],
            [
              100.92660959700432,
              13.284515620712499
            ],
            [
              100.92650518193007,
              13.28447271389514
            ],
            [
              100.92639972325928,
              13.284432329777427
            ],
            [
              100.92629328451315,
              13.284394492684392
            ],
            [
              100.92618592980317,
              13.2843592254069
            ],
            [
              100.92607772379243,
              13.28432654918797
            ],
            [
              100.9259687316568,
              13.284296483709928
            ],
            [
              100.92585901904552,
              13.284269047082581
            ],
            [
              100.92574865204182,
              13.284244255832315
            ],
            [
              100.92563769712298,
              13.284222124892118
            ],
            [
              100.92552622112044,
              13.284202667592611
            ],
            [
              100.92541429117941,
              13.284185895653993
            ],
            [
              100.92530197471854,
              13.28417181917901
            ],
            [
              100.92518933938926,
              13.284160446646831
            ],
            [
              100.92507645303508,
              13.284151784907994
            ],
            [
              100.92496338365065,
              13.284145839180226
            ],
            [
              100.92485019934098,
              13.284142613045333
            ],
            [
              100.92473696828021,
              13.284142108447023
            ],
            [
              100.92462375867072,
              13.284144325689754
            ],
            [
              100.92451063870196,
              13.284149263438524
            ],
            [
              100.92439767650947,
              13.284156918719702
            ],
            [
              100.92428494013376,
              13.284167286922788
            ],
            [
              100.92417249747938,
              13.284180361803221
            ],
            [
              100.92406041627402,
              13.284196135486098
            ],
            [
              100.92394876402773,
              13.28421459847096
            ],
            [
              100.92383760799223,
              13.284235739637479
            ],
            [
              100.92372701512045,
              13.284259546252168
            ],
            [
              100.92361705202617,
              13.284286003976044
            ],
            [
              100.92350778494396,
              13.284315096873266
            ],
            [
              100.9233992796892,
              13.284346807420722
            ],
            [
              100.92329160161854,
              13.284381116518604
            ],
            [
              100.92318481559046,
              13.284418003501882
            ],
            [
              100.92307898592622,
              13.284457446152759
            ],
            [
              100.92297417637123,
              13.284499420714049
            ],
            [
              100.92287045005646,
              13.284543901903499
            ],
            [
              100.9227678694606,
              13.284590862928981
            ],
            [
              100.92266649637237,
              13.284640275504673
            ],
            [
              100.92256639185322,
              13.284692109868041
            ],
            [
              100.92246761620068,
              13.284746334797806
            ],
            [
              100.92237022891199,
              13.28480291763271
            ],
            [
              100.92227428864827,
              13.284861824291225
            ],
            [
              100.92217985319914,
              13.284923019292043
            ],
            [
              100.92208697944801,
              13.284986465775468
            ],
            [
              100.92199572333772,
              13.285052125525588
            ],
            [
              100.92190613983693,
              13.285119958993326
            ],
            [
              100.92181828290694,
              13.285189925320227
            ],
            [
              100.92173220546921,
              13.285261982363084
            ],
            [
              100.92164795937352,
              13.285336086719305
            ],
            [
              100.92156559536667,
              13.285412193753062
            ],
            [
              100.92148516306196,
              13.285490257622177
            ],
            [
              100.92140671090931,
              13.28557023130572
            ],
            [
              100.92133028616603,
              13.28565206663233
            ],
            [
              100.9212559348684,
              13.28573571430924
            ],
            [
              100.92118370180388,
              13.28582112395195
            ],
            [
              100.92111363048421,
              13.285908244114575
            ],
            [
              100.92104576311912,
              13.28599702232084
            ],
            [
              100.92098014059097,
              13.28608740509568
            ],
            [
              100.92091680243003,
              13.286179337997435
            ],
            [
              100.92085578679077,
              13.286272765650663
            ],
            [
              100.92079713042877,
              13.28636763177948
            ],
            [
              100.92074086867866,
              13.286463879241447
            ],
            [
              100.92068703543279,
              13.28656145006201
            ],
            [
              100.92063566312083,
              13.28666028546939
            ],
            [
              100.92058678269015,
              13.286760325930004
            ],
            [
              100.92054042358733,
              13.286861511184316
            ],
            [
              100.92049661374024,
              13.286963780283132
            ],
            [
              100.92045537954132,
              13.287067071624312
            ],
            [
              100.92041674583169,
              13.287171322989867
            ],
            [
              100.92038073588606,
              13.287276471583446
            ],
            [
              100.92034737139882,
              13.287382454068162
            ],
            [
              100.92031667247093,
              13.287489206604718
            ],
            [
              100.92028865759777,
              13.287596664889897
            ],
            [
              100.92026334365805,
              13.28770476419527
            ],
            [
              100.92024074590357,
              13.287813439406179
            ],
            [
              100.92022087795006,
              13.287922625060983
            ],
            [
              100.92020375176898,
              13.288032255390478
            ],
            [
              100.92018937768026,
              13.288142264357495
            ],
            [
              100.92017776434614,
              13.288252585696712
            ],
            [
              100.92016891876587,
              13.288363152954547
            ],
            [
              100.9201628462715,
              13.28847389952919
            ],
            [
              100.92015955052472,
              13.288584758710732
            ],
            [
              100.92015903351457,
              13.288695663721334
            ],
            [
              100.92016129555626,
              13.28880654775547
            ],
            [
              100.92016633529103,
              13.288917344020152
            ],
            [
              100.92017414968682,
              13.289027985775181
            ],
            [
              100.9201847340402,
              13.28913840637334
            ],
            [
              100.92019808197924,
              13.289248539300534
            ],
            [
              100.92021418546715,
              13.289358318215891
            ],
            [
              100.92023303480731,
              13.289467676991684
            ],
            [
              100.92025461864897,
              13.289576549753187
            ],
            [
              100.92027892399415,
              13.28968487091836
            ],
            [
              100.92030593620547,
              13.289792575237358
            ],
            [
              100.92033563901484,
              13.28989959783182
            ],
            [
              100.92036801453345,
              13.290005874233966
            ],
            [
              100.92040304326238,
              13.290111340425439
            ],
            [
              100.92044070410437,
              13.290215932875862
            ],
            [
              100.92048097437657,
              13.2903195885811
            ],
            [
              100.92052382982416,
              13.290422245101242
            ],
            [
              100.92056924463493,
              13.290523840598192
            ],
            [
              100.92061719145494,
              13.290624313872929
            ],
            [
              100.92066764140478,
              13.290723604402382
            ],
            [
              100.9207205640972,
              13.290821652375882
            ],
            [
              100.92077592765521,
              13.290918398731204
            ],
            [
              100.92083369873143,
              13.291013785190133
            ],
            [
              100.92089384252809,
              13.29110775429358
            ],
            [
              100.92095632281796,
              13.291200249436214
            ],
            [
              100.92102110196629,
              13.291291214900536
            ],
            [
              100.92108814095332,
              13.291380595890459
            ],
            [
              100.92115739939791,
              13.291468338564327
            ],
            [
              100.92122883558184,
              13.291554390067336
            ],
            [
              100.92130240647484,
              13.291638698563393
            ],
            [
              100.92137806776066,
              13.291721213266324
            ],
            [
              100.92145577386363,
              13.291801884470495
            ],
            [
              100.9215354779762,
              13.29188066358073
            ],
            [
              100.92161713208712,
              13.291957503141624
            ],
            [
              100.92170068701029,
              13.292032356866088
            ],
            [
              100.92178609241452,
              13.292105179663265
            ],
            [
              100.92187329685373,
              13.292175927665697
            ],
            [
              100.921962247798,
              13.292244558255726
            ],
            [
              100.92205289166525,
              13.29231103009121
            ],
            [
              100.92214517385337,
              13.29237530313039
            ],
            [
              100.92223903877331,
              13.29243733865604
            ],
            [
              100.92233442988244,
              13.292497099298778
            ],
            [
              100.92243128971863,
              13.292554549059588
            ],
            [
              100.92252955993497,
              13.292609653331509
            ],
            [
              100.92262918133473,
              13.292662378920474
            ],
            [
              100.9227300939072,
              13.292712694065315
            ],
            [
              100.92283223686377,
              13.292760568456904
            ],
            [
              100.92293554867454,
              13.292805973256394
            ],
            [
              100.92303996710545,
              13.292848881112622
            ],
            [
              100.92314542925567,
              13.292889266178548
            ],
            [
              100.92325187159564,
              13.292927104126873
            ],
            [
              100.9233592300052,
              13.29296237216465
            ],
            [
              100.92346743981233,
              13.292995049047047
            ],
            [
              100.92357643583205,
              13.29302511509013
            ],
            [
              100.92368615240571,
              13.293052552182726
            ],
            [
              100.92379652344059,
              13.293077343797343
            ],
            [
              100.92390748244966,
              13.293099475000098
            ],
            [
              100.92401896259166,
              13.29311893245975
            ],
            [
              100.92413089671138,
              13.29313570445571
            ],
            [
              100.92424321738011,
              13.2931497808851
            ],
            [
              100.92435585693627,
              13.293161153268848
            ],
            [
              100.92446874752622,
              13.293169814756784
            ],
            [
              100.92458182114501,
              13.293175760131778
            ],
            [
              100.92469500967755,
              13.293178985812887
            ],
            [
              100.92480824493943,
              13.293179489857478
            ],
            [
              100.9249214587182,
              13.29317727196244
            ],
            [
              100.92503458281432,
              13.293172333464337
            ],
            [
              100.92514754908235,
              13.29316467733862
            ],
            [
              100.92526028947195,
              13.293154308197813
            ],
            [
              100.92537273606891,
              13.293141232288734
            ],
            [
              100.925484821136,
              13.293125457488767
            ],
            [
              100.92559647715392,
              13.29310699330106
            ],
            [
              100.92570763686183,
              13.293085850848849
            ],
            [
              100.92581823329797,
              13.293062042868709
            ],
            [
              100.92592819983994,
              13.293035583702913
            ],
            [
              100.92603747024492,
              13.293006489290775
            ],
            [
              100.92614597868948,
              13.292974777159055
            ],
            [
              100.92625365980932,
              13.29294046641139
            ],
            [
              100.92636044873859,
              13.292903577716775
            ],
            [
              100.92646628114902,
              13.292864133297126
            ],
            [
              100.92657109328863,
              13.292822156913896
            ],
            [
              100.92667482202019,
              13.292777673853726
            ],
            [
              100.92677740485921,
              13.292730710913245
            ],
            [
              100.92687878001158,
              13.292681296382904
            ],
            [
              100.92697888641082,
              13.292629460029929
            ],
            [
              100.92707766375491,
              13.292575233080402
            ],
            [
              100.92717505254254,
              13.29251864820044
            ],
            [
              100.92727099410897,
              13.292459739476504
            ],
            [
              100.92736543066144,
              13.292398542394874
            ],
            [
              100.92745830531388,
              13.292335093820265
            ],
            [
              100.92754956212127,
              13.292269431973617
            ],
            [
              100.9276391461133,
              13.292201596409065
            ],
            [
              100.92772700332746,
              13.292131627990111
            ],
            [
              100.9278130808416,
              13.292059568865007
            ],
            [
              100.92789732680579,
              13.291985462441355
            ],
            [
              100.92797969047353,
              13.291909353359967
            ],
            [
              100.92806012223231,
              13.291831287467957
            ],
            [
              100.92813857363357,
              13.291751311791126
            ],
            [
              100.92821499742178,
              13.291669474505628
            ],
            [
              100.92828934756297,
              13.291585824908967
            ],
            [
              100.92836157927246,
              13.291500413390255
            ],
            [
              100.92843164904178,
              13.291413291399898
            ],
            [
              100.92849951466494,
              13.291324511418576
            ],
            [
              100.92856513526378,
              13.291234126925634
            ],
            [
              100.92862847131266,
              13.291142192366861
            ],
            [
              100.92868948466221,
              13.2910487631217
            ],
            [
              100.92874813856237,
              13.29095389546987
            ],
            [
              100.92880439768442,
              13.29085764655747
            ],
            [
              100.92885822814235,
              13.290760074362558
            ],
            [
              100.92890959751324,
              13.290661237660224
            ],
            [
              100.92895847485674,
              13.290561195987163
            ],
            [
              100.92900483073379,
              13.290460009605836
            ],
            [
              100.92904863722421,
              13.290357739468151
            ],
            [
              100.9290898679437,
              13.290254447178754
            ],
            [
              100.9291284980595,
              13.290150194957917
            ],
            [
              100.92916450430556,
              13.290045045604046
            ],
            [
              100.9291978649964,
              13.289939062455868
            ],
            [
              100.92922856004022,
              13.289832309354269
            ],
            [
              100.92925657095098,
              13.28972485060384
            ],
            [
              100.92928188085953,
              13.289616750934119
            ],
            [
              100.92930447452378,
              13.28950807546065
            ],
            [
              100.92932433833784,
              13.289398889645694
            ],
            [
              100.92934146034023,
              13.28928925925886
            ],
            [
              100.92935583022108,
              13.28917925033744
            ],
            [
              100.9293674393283,
              13.289068929146653
            ],
            [
              100.92937628067284,
              13.28895836213972
            ],
            [
              100.9293823489328,
              13.288847615917845
            ],
            [
              100.92938564045674,
              13.288736757190094
            ],
            [
              100.92938615326578,
              13.28862585273321
            ]
          ]
        ]
      },
      "properties": {
        "ชื่อร้าน": "ล่าดิ หม่าล่าทั่ง สาขาบางแสน",
        "ประเภท": "ชั่งขีด",
        "แหล่งท่องเที่ยว_500m": "พิพิธภัณฑ์สัตว์น้ำบางแสน, แหลมทอง (Laemtong)",
        "แหล่งท่องเที่ยว_1000m": "ไม่มี",
        "buffer_m": 500
      }
    },
    {
      "type": "Feature",
      "geometry": {
        "type": "Polygon",
        "coordinates": [
          [
            [
              100.93352405161505,
              13.28384324008473
            ],
            [
              100.9335217838829,
              13.283732356951916
            ],
            [
              100.93351673856175,
              13.283621561723148
            ],
            [
              100.93350891869444,
              13.283510921136655
            ],
            [
              100.93349832899506,
              13.283400501837427
            ],
            [
              100.93348497584606,
              13.283290370337056
            ],
            [
              100.93346886729444,
              13.283180592973725
            ],
            [
              100.9334500130469,
              13.283071235872193
            ],
            [
              100.9334284244639,
              13.282962364903998
            ],
            [
              100.93340411455293,
              13.282854045647788
            ],
            [
              100.93337709796057,
              13.282746343349789
            ],
            [
              100.93334739096375,
              13.28263932288453
            ],
            [
              100.93331501145983,
              13.282533048715775
            ],
            [
              100.9332799789559,
              13.282427584857675
            ],
            [
              100.93324231455696,
              13.282322994836223
            ],
            [
              100.93320204095329,
              13.282219341650991
            ],
            [
              100.93315918240664,
              13.282116687737178
            ],
            [
              100.93311376473575,
              13.282015094928019
            ],
            [
              100.93306581530071,
              13.281914624417537
            ],
            [
              100.93301536298645,
              13.281815336723675
            ],
            [
              100.93296243818548,
              13.281717291651864
            ],
            [
              100.93290707277939,
              13.281620548258987
            ],
            [
              100.93284930011974,
              13.28152516481783
            ],
            [
              100.93278915500798,
              13.281431198781958
            ],
            [
              100.93272667367444,
              13.281338706751129
            ],
            [
              100.93266189375655,
              13.281247744437213
            ],
            [
              100.93259485427612,
              13.28115836663061
            ],
            [
              100.93252559561584,
              13.28107062716728
            ],
            [
              100.93245415949498,
              13.2809845788963
            ],
            [
              100.93238058894424,
              13.280900273648042
            ],
            [
              100.93230492827985,
              13.28081776220296
            ],
            [
              100.93222722307684,
              13.280737094260987
            ],
            [
              100.93214752014158,
              13.28065831841164
            ],
            [
              100.93206586748369,
              13.280581482104704
            ],
            [
              100.93198231428697,
              13.280506631621712
            ],
            [
              100.93189691087987,
              13.280433812048019
            ],
            [
              100.93180970870516,
              13.280363067245686
            ],
            [
              100.93172076028897,
              13.280294439827042
            ],
            [
              100.93163011920907,
              13.280227971129026
            ],
            [
              100.9315378400627,
              13.280163701188302
            ],
            [
              100.93144397843362,
              13.280101668717124
            ],
            [
              100.93134859085865,
              13.28004191108004
            ],
            [
              100.93125173479363,
              13.27998446427138
            ],
            [
              100.93115346857881,
              13.27992936289358
            ],
            [
              100.93105385140372,
              13.279876640136342
            ],
            [
              100.93095294327148,
              13.279826327756643
            ],
            [
              100.93085080496274,
              13.279778456059615
            ],
            [
              100.930747497999,
              13.279733053880287
            ],
            [
              100.93064308460559,
              13.27969014856621
            ],
            [
              100.93053762767423,
              13.279649765961016
            ],
            [
              100.93043119072506,
              13.279611930388814
            ],
            [
              100.9303238378685,
              13.279576664639569
            ],
            [
              100.93021563376652,
              13.279543989955368
            ],
            [
              100.93010664359382,
              13.279513926017623
            ],
            [
              100.9299969329985,
              13.279486490935216
            ],
            [
              100.92988656806256,
              13.279461701233592
            ],
            [
              100.92977561526203,
              13.279439571844822
            ],
            [
              100.92966414142705,
              13.279420116098585
            ],
            [
              100.92955221370157,
              13.279403345714144
            ],
            [
              100.9294398995029,
              13.279389270793308
            ],
            [
              100.92932726648107,
              13.27937789981433
            ],
            [
              100.92921438247824,
              13.27936923962679
            ],
            [
              100.92910131548766,
              13.279363295447496
            ],
            [
              100.92898813361282,
              13.279360070857317
            ],
            [
              100.92887490502648,
              13.279359567799037
            ],
            [
              100.92876169792946,
              13.27936178657618
            ],
            [
              100.92864858050979,
              13.279366725852833
            ],
            [
              100.92853562090137,
              13.279374382654426
            ],
            [
              100.92842288714323,
              13.279384752369563
            ],
            [
              100.92831044713832,
              13.279397828752762
            ],
            [
              100.92819836861273,
              13.27941360392822
            ],
            [
              100.92808671907491,
              13.279432068394586
            ],
            [
              100.92797556577494,
              13.279453211030626
            ],
            [
              100.92786497566412,
              13.279477019101977
            ],
            [
              100.92775501535458,
              13.279503478268783
            ],
            [
              100.92764575107914,
              13.279532572594327
            ],
            [
              100.92753724865157,
              13.279564284554647
            ],
            [
              100.92742957342679,
              13.279598595049073
            ],
            [
              100.92732279026156,
              13.279635483411742
            ],
            [
              100.92721696347546,
              13.27967492742402
            ],
            [
              100.9271121568121,
              13.27971690332791
            ],
            [
              100.92700843340076,
              13.279761385840345
            ],
            [
              100.92690585571839,
              13.279808348168409
            ],
            [
              100.92680448555188,
              13.279857762025477
            ],
            [
              100.92670438396102,
              13.279909597648262
            ],
            [
              100.92660561124154,
              13.279963823814713
            ],
            [
              100.9265082268889,
              13.28002040786284
            ],
            [
              100.92641228956246,
              13.280079315710372
            ],
            [
              100.92631785705008,
              13.280140511875292
            ],
            [
              100.92622498623341,
              13.280203959497198
            ],
            [
              100.92613373305352,
              13.280269620359498
            ],
            [
              100.92604415247727,
              13.280337454912441
            ],
            [
              100.92595629846424,
              13.280407422296918
            ],
            [
              100.92587022393414,
              13.280479480369083
            ],
            [
              100.92578598073497,
              13.280553585725727
            ],
            [
              100.9257036196118,
              13.280629693730416
            ],
            [
              100.92562319017621,
              13.280707758540391
            ],
            [
              100.92554474087636,
              13.280787733134146
            ],
            [
              100.92546831896787,
              13.280869569339782
            ],
            [
              100.9253939704853,
              13.28095321786399
            ],
            [
              100.92532174021443,
              13.281038628321769
            ],
            [
              100.92525167166531,
              13.281125749266733
            ],
            [
              100.925183807046,
              13.281214528222149
            ],
            [
              100.9251181872372,
              13.28130491171248
            ],
            [
              100.92505485176754,
              13.281396845295646
            ],
            [
              100.92499383878987,
              13.281490273595796
            ],
            [
              100.92493518505822,
              13.281585140336654
            ],
            [
              100.92487892590556,
              13.281681388375405
            ],
            [
              100.92482509522272,
              13.281778959737146
            ],
            [
              100.92477372543779,
              13.281877795649773
            ],
            [
              100.92472484749668,
              13.281977836579406
            ],
            [
              100.9246784908444,
              13.282079022266215
            ],
            [
              100.9246346834074,
              13.282181291760748
            ],
            [
              100.92459345157664,
              13.282284583460623
            ],
            [
              100.9245548201918,
              13.282388835147637
            ],
            [
              100.92451881252622,
              13.28249398402524
            ],
            [
              100.9244854502729,
              13.282599966756374
            ],
            [
              100.92445475353146,
              13.282706719501602
            ],
            [
              100.92442674079597,
              13.282814177957562
            ],
            [
              100.92440142894384,
              13.282922277395732
            ],
            [
              100.92437883322559,
              13.283030952701369
            ],
            [
              100.92435896725576,
              13.28314013841278
            ],
            [
              100.92434184300458,
              13.283249768760713
            ],
            [
              100.92432747079087,
              13.283359777707998
            ],
            [
              100.9243158592757,
              13.283470098989321
            ],
            [
              100.92430701545719,
              13.28358066615113
            ],
            [
              100.9243009446664,
              13.283691412591677
            ],
            [
              100.92429765056394,
              13.283802271601123
            ],
            [
              100.92429713513789,
              13.283913176401743
            ],
            [
              100.9242993987025,
              13.28402406018813
            ],
            [
              100.92430443989805,
              13.284134856167448
            ],
            [
              100.92431225569166,
              13.284245497599661
            ],
            [
              100.92432284137904,
              13.284355917837747
            ],
            [
              100.9243361905874,
              13.284466050367847
            ],
            [
              100.92435229527925,
              13.284575828849295
            ],
            [
              100.9243711457572,
              13.284685187154642
            ],
            [
              100.92439273066985,
              13.28479405940945
            ],
            [
              100.92441703701854,
              13.284902380031971
            ],
            [
              100.92444405016529,
              13.285010083772688
            ],
            [
              100.92447375384148,
              13.285117105753594
            ],
            [
              100.92450613015774,
              13.285223381507272
            ],
            [
              100.92454115961468,
              13.28532884701576
            ],
            [
              100.92457882111457,
              13.285433438749086
            ],
            [
              100.92461909197421,
              13.285537093703553
            ],
            [
              100.92466194793839,
              13.285639749439701
            ],
            [
              100.9247073631946,
              13.2857413441199
            ],
            [
              100.9247553103886,
              13.285841816545625
            ],
            [
              100.92480576064082,
              13.285941106194317
            ],
            [
              100.92485868356377,
              13.286039153255837
            ],
            [
              100.92491404728035,
              13.286135898668501
            ],
            [
              100.92497181844307,
              13.28623128415467
            ],
            [
              100.92503196225408,
              13.286325252255846
            ],
            [
              100.9250944424862,
              13.286417746367292
            ],
            [
              100.92515922150463,
              13.286508710772134
            ],
            [
              100.92522626028976,
              13.286598090674923
            ],
            [
              100.92529551846056,
              13.28668583223466
            ],
            [
              100.92536695429892,
              13.286771882597213
            ],
            [
              100.92544052477484,
              13.286856189927171
            ],
            [
              100.92551618557229,
              13.28693870343907
            ],
            [
              100.9255938911159,
              13.287019373427984
            ],
            [
              100.92567359459844,
              13.287098151299483
            ],
            [
              100.92575524800904,
              13.287174989598896
            ],
            [
              100.92583880216205,
              13.287249842039902
            ],
            [
              100.92592420672672,
              13.287322663532418
            ],
            [
              100.92601141025749,
              13.28739341020977
            ],
            [
              100.92610036022496,
              13.2874620394551
            ],
            [
              100.92619100304763,
              13.287528509927077
            ],
            [
              100.92628328412407,
              13.287592781584765
            ],
            [
              100.92637714786586,
              13.287654815711768
            ],
            [
              100.92647253773109,
              13.287714574939553
            ],
            [
              100.9265693962584,
              13.287772023269955
            ],
            [
              100.92666766510162,
              13.287827126096873
            ],
            [
              100.92676728506487,
              13.287879850227117
            ],
            [
              100.92686819613832,
              13.287930163900395
            ],
            [
              100.92697033753424,
              13.287978036808466
            ],
            [
              100.9270736477237,
              13.28802344011338
            ],
            [
              100.92717806447357,
              13.288066346464875
            ],
            [
              100.92728352488407,
              13.28810673001682
            ],
            [
              100.92738996542668,
              13.288144566442828
            ],
            [
              100.92749732198233,
              13.288179832950865
            ],
            [
              100.92760552988008,
              13.288212508297033
            ],
            [
              100.92771452393615,
              13.288242572798312
            ],
            [
              100.92782423849306,
              13.288270008344474
            ],
            [
              100.92793460745928,
              13.288294798408948
            ],
            [
              100.92804556434906,
              13.28831692805879
            ],
            [
              100.9281570423224,
              13.2883363839637
            ],
            [
              100.92826897422538,
              13.288353154404016
            ],
            [
              100.92838129263066,
              13.288367229277805
            ],
            [
              100.92849392987803,
              13.288378600106936
            ],
            [
              100.92860681811518,
              13.288387260042173
            ],
            [
              100.92871988933867,
              13.288393203867324
            ],
            [
              100.92883307543475,
              13.288396428002379
            ],
            [
              100.92894630822057,
              13.288396930505643
            ],
            [
              100.92905951948512,
              13.288394711074925
            ],
            [
              100.9291726410304,
              13.288389771047724
            ],
            [
              100.92928560471252,
              13.288382113400406
            ],
            [
              100.92939834248267,
              13.288371742746415
            ],
            [
              100.9295107864282,
              13.28835866533349
            ],
            [
              100.92962286881355,
              13.28834288903991
            ],
            [
              100.92973452212098,
              13.288324423369733
            ],
            [
              100.92984567909129,
              13.288303279447076
            ],
            [
              100.9299562727644,
              13.288279470009416
            ],
            [
              100.93006623651955,
              13.288253009399893
            ],
            [
              100.9301755041156,
              13.2882239135587
            ],
            [
              100.93028400973083,
              13.288192200013455
            ],
            [
              100.93039168800263,
              13.288157887868639
            ],
            [
              100.93049847406688,
              13.288120997794099
            ],
            [
              100.93060430359704,
              13.288081552012585
            ],
            [
              100.93070911284288,
              13.288039574286362
            ],
            [
              100.93081283866887,
              13.287995089902886
            ],
            [
              100.93091541859229,
              13.287948125659582
            ],
            [
              100.9310167908208,
              13.287898709847685
            ],
            [
              100.9311168942897,
              13.287846872235193
            ],
            [
              100.93121566869871,
              13.287792644048947
            ],
            [
              100.93131305454827,
              13.287736057955811
            ],
            [
              100.93140899317548,
              13.287677148042977
            ],
            [
              100.93150342678926,
              13.287615949797436
            ],
            [
              100.9315962985054,
              13.28755250008461
            ],
            [
              100.93168755238061,
              13.287486837126117
            ],
            [
              100.93177713344633,
              13.28741900047677
            ],
            [
              100.93186498774183,
              13.287349031000725
            ],
            [
              100.93195106234676,
              13.287276970846856
            ],
            [
              100.93203530541288,
              13.2872028634234
            ],
            [
              100.93211766619547,
              13.28712675337176
            ],
            [
              100.93219809508376,
              13.287048686539638
            ],
            [
              100.9322765436309,
              13.286968709953406
            ],
            [
              100.9323529645831,
              13.28688687178976
            ],
            [
              100.9324273119081,
              13.286803221346721
            ],
            [
              100.93249954082292,
              13.286717809013933
            ],
            [
              100.93256960782075,
              13.286630686242274
            ],
            [
              100.93263747069729,
              13.2865419055129
            ],
            [
              100.93270308857602,
              13.286451520305606
            ],
            [
              100.93276642193295,
              13.286359585066608
            ],
            [
              100.93282743262037,
              13.28626615517576
            ],
            [
              100.93288608388976,
              13.286171286913163
            ],
            [
              100.932942340414,
              13.286075037425293
            ],
            [
              100.93299616830869,
              13.285977464690548
            ],
            [
              100.93304753515238,
              13.285878627484337
            ],
            [
              100.93309641000633,
              13.285778585343666
            ],
            [
              100.9331427634329,
              13.285677398531268
            ],
            [
              100.93318656751343,
              13.285575127999316
            ],
            [
              100.93322779586504,
              13.285471835352691
            ],
            [
              100.93326642365645,
              13.285367582811874
            ],
            [
              100.93330242762295,
              13.285262433175474
            ],
            [
              100.93333578608048,
              13.285156449782372
            ],
            [
              100.93336647893854,
              13.285049696473614
            ],
            [
              100.93339448771245,
              13.284942237553896
            ],
            [
              100.9334197955343,
              13.284834137752878
            ],
            [
              100.93344238716331,
              13.284725462186167
            ],
            [
              100.93346224899479,
              13.284616276316092
            ],
            [
              100.93347936906844,
              13.284506645912279
            ],
            [
              100.93349373707555,
              13.284396637012037
            ],
            [
              100.93350534436519,
              13.284286315880564
            ],
            [
              100.93351418394937,
              13.284175748971055
            ],
            [
              100.93352025050727,
              13.28406500288465
            ],
            [
              100.93352354038848,
              13.283954144330334
            ],
            [
              100.93352405161505,
              13.28384324008473
            ]
          ]
        ]
      },
      "properties": {
        "ชื่อร้าน": "อี้จัน สุกี้หม่าล่า",
        "ประเภท": "ชั่งขีด",
        "แหล่งท่องเที่ยว_500m": "พิพิธภัณฑ์สัตว์น้ำบางแสน, แหลมทอง (Laemtong)",
        "แหล่งท่องเที่ยว_1000m": "ไม่มี",
        "buffer_m": 500
      }
    },
    {
      "type": "Feature",
      "geometry": {
        "type": "Polygon",
        "coordinates": [
          [
            [
              100.93611129967807,
              13.286761615644677
            ],
            [
              100.93610903055644,
              13.286650732723814
            ],
            [
              100.93610398381773,
              13.286539937739658
            ],
            [
              100.93609616250562,
              13.286429297430304
            ],
            [
              100.93608557133507,
              13.28631887844056
            ],
            [
              100.93607221668942,
              13.286208747281854
            ],
            [
              100.93605610661658,
              13.286098970292137
            ],
            [
              100.93603725082413,
              13.285989613595955
            ],
            [
              100.93601566067349,
              13.285880743064604
            ],
            [
              100.9359913491731,
              13.285772424276454
            ],
            [
              100.93596433097049,
              13.285664722477462
            ],
            [
              100.93593462234355,
              13.285557702541855
            ],
            [
              100.93590224119063,
              13.285451428933067
            ],
            [
              100.93586720701981,
              13.285345965664918
            ],
            [
              100.93582954093712,
              13.285241376263041
            ],
            [
              100.93578926563382,
              13.28513772372664
            ],
            [
              100.9357464053727,
              13.285035070490517
            ],
            [
              100.93570098597353,
              13.2849334783875
            ],
            [
              100.93565303479744,
              13.284833008611187
            ],
            [
              100.93560258073043,
              13.284733721679077
            ],
            [
              100.93554965416602,
              13.284635677396139
            ],
            [
              100.93549428698688,
              13.284538934818785
            ],
            [
              100.93543651254566,
              13.284443552219305
            ],
            [
              100.93537636564488,
              13.284349587050755
            ],
            [
              100.93531388251593,
              13.284257095912375
            ],
            [
              100.93524910079732,
              13.284166134515493
            ],
            [
              100.93518205951196,
              13.284076757649961
            ],
            [
              100.93511279904362,
              13.28398901915116
            ],
            [
              100.93504136111265,
              13.283902971867603
            ],
            [
              100.93496778875085,
              13.283818667629047
            ],
            [
              100.93489212627554,
              13.28373615721535
            ],
            [
              100.9348144192628,
              13.283655490325824
            ],
            [
              100.93473471452019,
              13.28357671554934
            ],
            [
              100.93465306005831,
              13.283499880335057
            ],
            [
              100.93456950506209,
              13.283425030963825
            ],
            [
              100.93448409986107,
              13.283352212520342
            ],
            [
              100.93439689589911,
              13.283281468865987
            ],
            [
              100.93430794570338,
              13.283212842612398
            ],
            [
              100.93421730285274,
              13.283146375095814
            ],
            [
              100.9341250219455,
              13.283082106352179
            ],
            [
              100.93403115856648,
              13.28302007509303
            ],
            [
              100.93393576925354,
              13.282960318682187
            ],
            [
              100.93383891146358,
              13.282902873113242
            ],
            [
              100.93374064353787,
              13.28284777298788
            ],
            [
              100.93364102466698,
              13.28279505149505
            ],
            [
              100.93354011485506,
              13.28274474039097
            ],
            [
              100.93343797488377,
              13.282696869980002
            ],
            [
              100.9333346662756,
              13.282651469096397
            ],
            [
              100.93323025125686,
              13.282608565086932
            ],
            [
              100.93312479272025,
              13.282568183794448
            ],
            [
              100.9330183541869,
              13.282530349542268
            ],
            [
              100.93291099976815,
              13.282495085119557
            ],
            [
              100.93280279412696,
              13.28246241176761
            ],
            [
              100.9326938024389,
              13.28243234916703
            ],
            [
              100.93258409035302,
              13.282404915425895
            ],
            [
              100.93247372395217,
              13.282380127068848
            ],
            [
              100.93236276971332,
              13.282357999027145
            ],
            [
              100.93225129446746,
              13.282338544629654
            ],
            [
              100.93213936535936,
              13.282321775594832
            ],
            [
              100.93202704980716,
              13.282307702023676
            ],
            [
              100.93191441546176,
              13.282296332393614
            ],
            [
              100.93180153016606,
              13.28228767355343
            ],
            [
              100.93168846191409,
              13.28228173071911
            ],
            [
              100.93157527881014,
              13.282278507470716
            ],
            [
              100.93146204902767,
              13.282278005750229
            ],
            [
              100.93134884076828,
              13.282280225860362
            ],
            [
              100.93123572222059,
              13.2822851664644
            ],
            [
              100.93112276151929,
              13.282292824586982
            ],
            [
              100.931010026704,
              13.282303195615905
            ],
            [
              100.93089758567834,
              13.28231627330491
            ],
            [
              100.93078550616899,
              13.282332049777397
            ],
            [
              100.930673855685,
              13.28235051553124
            ],
            [
              100.93056270147704,
              13.28237165944443
            ],
            [
              100.93045211049692,
              13.282395468781832
            ],
            [
              100.93034214935729,
              13.282421929202833
            ],
            [
              100.93023288429154,
              13.28245102476996
            ],
            [
              100.93012438111384,
              13.2824827379585
            ],
            [
              100.93001670517958,
              13.282517049667051
            ],
            [
              100.92990992134598,
              13.282553939229011
            ],
            [
              100.92980409393299,
              13.282593384425034
            ],
            [
              100.9296992866846,
              13.282635361496403
            ],
            [
              100.92959556273044,
              13.282679845159354
            ],
            [
              100.9294929845478,
              13.282726808620273
            ],
            [
              100.92939161392388,
              13.282776223591856
            ],
            [
              100.92929151191872,
              13.282828060310147
            ],
            [
              100.92919273882832,
              13.282882287552436
            ],
            [
              100.92909535414834,
              13.282938872656084
            ],
            [
              100.92899941653836,
              13.282997781538189
            ],
            [
              100.92890498378641,
              13.2830589787161
            ],
            [
              100.92881211277427,
              13.283122427328818
            ],
            [
              100.92872085944313,
              13.283188089159152
            ],
            [
              100.92863127875997,
              13.283255924656764
            ],
            [
              100.9285434246844,
              13.28332589296198
            ],
            [
              100.92845735013618,
              13.283397951930395
            ],
            [
              100.92837310696332,
              13.283472058158269
            ],
            [
              100.92829074591089,
              13.283548167008643
            ],
            [
              100.92821031659041,
              13.283626232638237
            ],
            [
              100.92813186744998,
              13.283706208025066
            ],
            [
              100.9280554457451,
              13.283788044996749
            ],
            [
              100.92798109751025,
              13.28387169425951
            ],
            [
              100.92790886753104,
              13.283957105427914
            ],
            [
              100.92783879931736,
              13.28404422705514
            ],
            [
              100.92777093507704,
              13.28413300666404
            ],
            [
              100.92770531569056,
              13.284223390778694
            ],
            [
              100.92764198068633,
              13.284315324956646
            ],
            [
              100.92758096821689,
              13.284408753821678
            ],
            [
              100.92752231503594,
              13.284503621097167
            ],
            [
              100.92746605647619,
              13.28459986964
            ],
            [
              100.92741222642806,
              13.284697441474954
            ],
            [
              100.92736085731929,
              13.284796277829646
            ],
            [
              100.92731198009535,
              13.284896319169922
            ],
            [
              100.92726562420083,
              13.284997505235713
            ],
            [
              100.92722181756174,
              13.285099775077335
            ],
            [
              100.92718058656855,
              13.285203067092192
            ],
            [
              100.92714195606045,
              13.285307319061898
            ],
            [
              100.92710594931023,
              13.285412468189731
            ],
            [
              100.92707258801038,
              13.285518451138481
            ],
            [
              100.92704189225988,
              13.285625204068573
            ],
            [
              100.92701388055225,
              13.28573266267655
            ],
            [
              100.92698856976426,
              13.285840762233782
            ],
            [
              100.92696597514585,
              13.28594943762546
            ],
            [
              100.92694611031082,
              13.286058623389838
            ],
            [
              100.92692898722878,
              13.286168253757632
            ],
            [
              100.9269146162178,
              13.286278262691662
            ],
            [
              100.92690300593823,
              13.286388583926618
            ],
            [
              100.92689416338747,
              13.286499151008968
            ],
            [
              100.92688809389581,
              13.286609897337026
            ],
            [
              100.9268848011231,
              13.286720756201014
            ],
            [
              100.92688428705657,
              13.28683166082329
            ],
            [
              100.92688655200968,
              13.286942544398556
            ],
            [
              100.92689159462189,
              13.287053340134108
            ],
            [
              100.92689941185942,
              13.287163981290044
            ],
            [
              100.92690999901716,
              13.287274401219523
            ],
            [
              100.92692334972143,
              13.287384533408853
            ],
            [
              100.92693945593382,
              13.287494311517591
            ],
            [
              100.92695830795603,
              13.287603669418502
            ],
            [
              100.9269798944357,
              13.287712541237386
            ],
            [
              100.92700420237331,
              13.287820861392769
            ],
            [
              100.92703121712984,
              13.287928564635406
            ],
            [
              100.92706092243574,
              13.28803558608759
            ],
            [
              100.92709330040066,
              13.288141861282227
            ],
            [
              100.92712833152417,
              13.288247326201686
            ],
            [
              100.92716599470764,
              13.288351917316346
            ],
            [
              100.92720626726673,
              13.28845557162289
            ],
            [
              100.92724912494529,
              13.28855822668224
            ],
            [
              100.92729454192977,
              13.288659820657175
            ],
            [
              100.92734249086487,
              13.288760292349599
            ],
            [
              100.92739294286996,
              13.288859581237386
            ],
            [
              100.92744586755651,
              13.288957627510861
            ],
            [
              100.92750123304637,
              13.289054372108811
            ],
            [
              100.92755900599094,
              13.28914975675409
            ],
            [
              100.92761915159134,
              13.289243723988701
            ],
            [
              100.9276816336193,
              13.289336217208428
            ],
            [
              100.92774641443894,
              13.289427180696942
            ],
            [
              100.92781345502955,
              13.28951655965934
            ],
            [
              100.92788271500902,
              13.289604300255183
            ],
            [
              100.92795415265816,
              13.289690349630927
            ],
            [
              100.92802772494586,
              13.289774655951746
            ],
            [
              100.928103387555,
              13.289857168432798
            ],
            [
              100.92818109490914,
              13.289937837369768
            ],
            [
              100.92826080019994,
              13.290016614168861
            ],
            [
              100.92834245541545,
              13.290093451376043
            ],
            [
              100.92842601136893,
              13.290168302705666
            ],
            [
              100.92851141772852,
              13.290241123068308
            ],
            [
              100.92859862304759,
              13.290311868597971
            ],
            [
              100.9286875747957,
              13.290380496678498
            ],
            [
              100.92877821939024,
              13.290446965969254
            ],
            [
              100.9288705022287,
              13.29051123643001
            ],
            [
              100.92896436772165,
              13.2905732693451
            ],
            [
              100.92905975932605,
              13.290633027346713
            ],
            [
              100.92915661957954,
              13.29069047443743
            ],
            [
              100.92925489013491,
              13.290745576011888
            ],
            [
              100.92935451179524,
              13.290798298877661
            ],
            [
              100.92945542454967,
              13.290848611275209
            ],
            [
              100.92955756760946,
              13.290896482897065
            ],
            [
              100.9296608794447,
              13.29094188490605
            ],
            [
              100.92976529782122,
              13.290984789952695
            ],
            [
              100.9298707598383,
              13.29102517219164
            ],
            [
              100.92997720196641,
              13.291063007297293
            ],
            [
              100.93008456008555,
              13.291098272478429
            ],
            [
              100.93019276952386,
              13.29113094649193
            ],
            [
              100.93030176509659,
              13.291161009655587
            ],
            [
              100.93041148114536,
              13.291188443859982
            ],
            [
              100.93052185157775,
              13.291213232579347
            ],
            [
              100.93063280990711,
              13.291235360881554
            ],
            [
              100.93074428929256,
              13.291254815437108
            ],
            [
              100.93085622257938,
              13.291271584527175
            ],
            [
              100.93096854233936,
              13.291285658050615
            ],
            [
              100.93108118091146,
              13.291297027530126
            ],
            [
              100.9311940704426,
              13.291305686117278
            ],
            [
              100.93130714292853,
              13.291311628596706
            ],
            [
              100.93142033025478,
              13.291314851389188
            ],
            [
              100.93153356423771,
              13.291315352553855
            ],
            [
              100.93164677666563,
              13.29131313178932
            ],
            [
              100.93175989933981,
              13.291308190433888
            ],
            [
              100.93187286411568,
              13.291300531464717
            ],
            [
              100.93198560294377,
              13.291290159496059
            ],
            [
              100.93209804791084,
              13.291277080776435
            ],
            [
              100.93221013128064,
              13.291261303184925
            ],
            [
              100.93232178553488,
              13.291242836226354
            ],
            [
              100.93243294341379,
              13.291221691025632
            ],
            [
              100.93254353795672,
              13.291197880320992
            ],
            [
              100.9326535025424,
              13.29117141845635
            ],
            [
              100.93276277092919,
              13.291142321372647
            ],
            [
              100.9328712772949,
              13.291110606598254
            ],
            [
              100.93297895627644,
              13.291076293238397
            ],
            [
              100.9330857430093,
              13.29103940196365
            ],
            [
              100.9331915731665,
              13.290999954997488
            ],
            [
              100.93329638299744,
              13.290957976102893
            ],
            [
              100.93340010936627,
              13.29091349056802
            ],
            [
              100.93350268978992,
              13.290866525190994
            ],
            [
              100.93360406247575,
              13.290817108263731
            ],
            [
              100.93370416635877,
              13.290765269554903
            ],
            [
              100.93380294113847,
              13.290711040292015
            ],
            [
              100.93390032731506,
              13.290654453142572
            ],
            [
              100.93399626622544,
              13.290595542194405
            ],
            [
              100.93409070007837,
              13.29053434293514
            ],
            [
              100.93418357198948,
              13.2904708922308
            ],
            [
              100.93427482601538,
              13.290405228303602
            ],
            [
              100.93436440718742,
              13.290337390708942
            ],
            [
              100.9344522615448,
              13.290267420311547
            ],
            [
              100.93453833616712,
              13.290195359260855
            ],
            [
              100.93462257920616,
              13.290121250965633
            ],
            [
              100.93470493991718,
              13.290045140067816
            ],
            [
              100.93478536868949,
              13.289967072415614
            ],
            [
              100.93486381707629,
              13.289887095035883
            ],
            [
              100.9349402378239,
              13.289805256105813
            ],
            [
              100.93501458490017,
              13.289721604923887
            ],
            [
              100.93508681352226,
              13.289636191880179
            ],
            [
              100.93515688018358,
              13.289549068426012
            ],
            [
              100.93522474267999,
              13.289460287042946
            ],
            [
              100.93529036013524,
              13.289369901211167
            ],
            [
              100.93535369302556,
              13.289277965377275
            ],
            [
              100.93541470320353,
              13.28918453492147
            ],
            [
              100.93547335392095,
              13.289089666124209
            ],
            [
              100.93552960985105,
              13.28899341613228
            ],
            [
              100.93558343710971,
              13.28889584292439
            ],
            [
              100.93563480327599,
              13.288797005276226
            ],
            [
              100.93568367741143,
              13.288696962725062
            ],
            [
              100.9357300300789,
              13.288595775533883
            ],
            [
              100.9357738333602,
              13.288493504655095
            ],
            [
              100.93581506087291,
              13.288390211693768
            ],
            [
              100.93585368778626,
              13.288285958870594
            ],
            [
              100.93588969083609,
              13.288180808984333
            ],
            [
              100.93592304833884,
              13.288074825374034
            ],
            [
              100.93595374020465,
              13.287968071880856
            ],
            [
              100.9359817479494,
              13.287860612809622
            ],
            [
              100.93600705470583,
              13.287752512890075
            ],
            [
              100.93602964523375,
              13.28764383723789
            ],
            [
              100.93604950592918,
              13.287534651315449
            ],
            [
              100.93606662483249,
              13.287425020892414
            ],
            [
              100.9360809916357,
              13.287315012006097
            ],
            [
              100.93609259768857,
              13.287204690921694
            ],
            [
              100.9361014360039,
              13.28709412409237
            ],
            [
              100.93610750126159,
              13.286983378119212
            ],
            [
              100.93611078981199,
              13.286872519711133
            ],
            [
              100.93611129967807,
              13.286761615644677
            ]
          ]
        ]
      },
      "properties": {
        "ชื่อร้าน": "Tawan Malatang Soup",
        "ประเภท": "ชั่งขีด",
        "แหล่งท่องเที่ยว_500m": "ไม่มี",
        "แหล่งท่องเที่ยว_1000m": "พิพิธภัณฑ์สัตว์น้ำบางแสน, แหลมทอง (Laemtong)",
        "buffer_m": 500
      }
    },
    {
      "type": "Feature",
      "geometry": {
        "type": "Polygon",
        "coordinates": [
          [
            [
              100.93954839800989,
              13.276282664503857
            ],
            [
              100.93954385821937,
              13.276060898952853
            ],
            [
              100.93953376346896,
              13.27583930931414
            ],
            [
              100.93951811985426,
              13.275618029062302
            ],
            [
              100.93949693681309,
              13.27539719148523
            ],
            [
              100.93947022711984,
              13.275176929603813
            ],
            [
              100.93943800687762,
              13.274957376091846
            ],
            [
              100.93940029550866,
              13.274738663196095
            ],
            [
              100.93935711574245,
              13.274520922656688
            ],
            [
              100.93930849360214,
              13.27430428562771
            ],
            [
              100.93925445838872,
              13.274088882598269
            ],
            [
              100.93919504266344,
              13.273874843313875
            ],
            [
              100.93913028222808,
              13.273662296698308
            ],
            [
              100.93906021610339,
              13.273451370775966
            ],
            [
              100.93898488650558,
              13.27324219259477
            ],
            [
              100.93890433882085,
              13.273034888149649
            ],
            [
              100.938818621578,
              13.272829582306642
            ],
            [
              100.93872778641918,
              13.272626398727734
            ],
            [
              100.93863188806881,
              13.272425459796354
            ],
            [
              100.93853098430058,
              13.27222688654367
            ],
            [
              100.93842513590253,
              13.272030798575736
            ],
            [
              100.93831440664057,
              13.27183731400141
            ],
            [
              100.93819886321994,
              13.271646549361275
            ],
            [
              100.93807857524506,
              13.271458619557432
            ],
            [
              100.93795361517759,
              13.271273637784308
            ],
            [
              100.93782405829278,
              13.271091715460487
            ],
            [
              100.93768998263407,
              13.270912962161635
            ],
            [
              100.9375514689661,
              13.270737485554482
            ],
            [
              100.9374086007261,
              13.27056539133201
            ],
            [
              100.93726146397356,
              13.270396783149792
            ],
            [
              100.9371101473384,
              13.270231762563578
            ],
            [
              100.93695474196761,
              13.270070428968149
            ],
            [
              100.93679534147032,
              13.269912879537435
            ],
            [
              100.93663204186147,
              13.269759209166027
            ],
            [
              100.93646494150389,
              13.26960951041203
            ],
            [
              100.9362941410491,
              13.269463873441309
            ],
            [
              100.93611974337676,
              13.269322385973208
            ],
            [
              100.93594185353257,
              13.269185133227728
            ],
            [
              100.93576057866512,
              13.269052197874204
            ],
            [
              100.9355760279613,
              13.268923659981526
            ],
            [
              100.9353883125806,
              13.268799596969922
            ],
            [
              100.93519754558808,
              13.268680083564346
            ],
            [
              100.93500384188638,
              13.268565191749467
            ],
            [
              100.93480731814648,
              13.26845499072634
            ],
            [
              100.93460809273743,
              13.268349546870715
            ],
            [
              100.93440628565511,
              13.26824892369309
            ],
            [
              100.93420201844994,
              13.268153181800434
            ],
            [
              100.93399541415367,
              13.268062378859717
            ],
            [
              100.93378659720537,
              13.2679765695632
            ],
            [
              100.93357569337647,
              13.267895805595446
            ],
            [
              100.93336282969494,
              13.26782013560225
            ],
            [
              100.93314813436898,
              13.267749605161308
            ],
            [
              100.93293173670966,
              13.267684256754793
            ],
            [
              100.93271376705313,
              13.267624129743758
            ],
            [
              100.93249435668217,
              13.267569260344448
            ],
            [
              100.93227363774704,
              13.267519681606469
            ],
            [
              100.9320517431861,
              13.267475423392893
            ],
            [
              100.9318288066455,
              13.267436512362284
            ],
            [
              100.93160496239899,
              13.267402971952626
            ],
            [
              100.9313803452669,
              13.267374822367211
            ],
            [
              100.931155090535,
              13.267352080562473
            ],
            [
              100.93092933387308,
              13.267334760237775
            ],
            [
              100.93070321125325,
              13.267322871827147
            ],
            [
              100.930476858868,
              13.26731642249301
            ],
            [
              100.93025041304837,
              13.267315416121845
            ],
            [
              100.93002401018168,
              13.267319853321856
            ],
            [
              100.9297977866295,
              13.267329731422608
            ],
            [
              100.9295718786456,
              13.267345044476611
            ],
            [
              100.92934642229376,
              13.267365783262912
            ],
            [
              100.92912155336602,
              13.267391935292633
            ],
            [
              100.92889740730077,
              13.26742348481648
            ],
            [
              100.92867411910129,
              13.267460412834243
            ],
            [
              100.92845182325446,
              13.267502697106206
            ],
            [
              100.92823065364975,
              13.267550312166549
            ],
            [
              100.9280107434986,
              13.267603229338672
            ],
            [
              100.92779222525422,
              13.267661416752452
            ],
            [
              100.92757523053189,
              13.267724839363439
            ],
            [
              100.92735989002956,
              13.267793458973934
            ],
            [
              100.92714633344934,
              13.26786723425601
            ],
            [
              100.92693468941927,
              13.267946120776374
            ],
            [
              100.92672508541588,
              13.268030071023112
            ],
            [
              100.92651764768748,
              13.268119034434307
            ],
            [
              100.92631250117809,
              13.268212957428487
            ],
            [
              100.9261097694522,
              13.268311783436847
            ],
            [
              100.92590957462038,
              13.268415452937353
            ],
            [
              100.92571203726573,
              13.268523903490548
            ],
            [
              100.92551727637128,
              13.268637069777162
            ],
            [
              100.92532540924829,
              13.268754883637426
            ],
            [
              100.92513655146566,
              13.268877274112135
            ],
            [
              100.92495081678027,
              13.269004167485345
            ],
            [
              100.92476831706851,
              13.269135487328766
            ],
            [
              100.92458916225885,
              13.269271154547809
            ],
            [
              100.9244134602657,
              13.269411087429162
            ],
            [
              100.92424131692434,
              13.269555201690052
            ],
            [
              100.92407283592719,
              13.269703410528928
            ],
            [
              100.92390811876137,
              13.269855624677797
            ],
            [
              100.92374726464762,
              13.270011752455925
            ],
            [
              100.92359037048035,
              13.270171699825072
            ],
            [
              100.92343753076949,
              13.270335370446116
            ],
            [
              100.9232888375834,
              13.270502665737055
            ],
            [
              100.92314438049344,
              13.270673484932388
            ],
            [
              100.9230042465201,
              13.270847725143781
            ],
            [
              100.92286852008037,
              13.271025281422045
            ],
            [
              100.9227372829371,
              13.271206046820312
            ],
            [
              100.92261061414962,
              13.271389912458465
            ],
            [
              100.92248859002606,
              13.271576767588696
            ],
            [
              100.92237128407744,
              13.2717664996622
            ],
            [
              100.92225876697337,
              13.27195899439697
            ],
            [
              100.92215110649943,
              13.272154135846598
            ],
            [
              100.9220483675163,
              13.27235180647014
            ],
            [
              100.92195061192074,
              13.272551887202873
            ],
            [
              100.92185789860818,
              13.272754257528014
            ],
            [
              100.92177028343728,
              13.272958795549313
            ],
            [
              100.9216878191963,
              13.273165378064471
            ],
            [
              100.9216105555711,
              13.273373880639316
            ],
            [
              100.92153853911543,
              13.273584177682785
            ],
            [
              100.9214718132226,
              13.27379614252255
            ],
            [
              100.92141041809953,
              13.274009647481304
            ],
            [
              100.92135439074235,
              13.27422456395369
            ],
            [
              100.92130376491414,
              13.274440762483739
            ],
            [
              100.92125857112455,
              13.274658112842854
            ],
            [
              100.9212188366114,
              13.274876484108256
            ],
            [
              100.92118458532418,
              13.275095744741847
            ],
            [
              100.92115583790972,
              13.275315762669416
            ],
            [
              100.92113261169953,
              13.275536405360235
            ],
            [
              100.92111492069948,
              13.275757539906863
            ],
            [
              100.92110277558126,
              13.275979033105207
            ],
            [
              100.92109618367591,
              13.276200751534788
            ],
            [
              100.9210951489694,
              13.276422561639064
            ],
            [
              100.92109967210015,
              13.27664432980594
            ],
            [
              100.92110975035865,
              13.2768659224482
            ],
            [
              100.92112537768905,
              13.27708720608403
            ],
            [
              100.92114654469272,
              13.277308047417383
            ],
            [
              100.92117323863397,
              13.277528313418319
            ],
            [
              100.92120544344756,
              13.277747871403129
            ],
            [
              100.92124313974851,
              13.277966589114259
            ],
            [
              100.92128630484356,
              13.278184334799992
            ],
            [
              100.92133491274495,
              13.278400977293835
            ],
            [
              100.92138893418597,
              13.278616386093518
            ],
            [
              100.92144833663855,
              13.27883043143963
            ],
            [
              100.92151308433291,
              13.279042984393794
            ],
            [
              100.92158313827898,
              13.279253916916334
            ],
            [
              100.92165845628985,
              13.279463101943428
            ],
            [
              100.9217389930073,
              13.279670413463663
            ],
            [
              100.9218246999289,
              13.279875726593943
            ],
            [
              100.92191552543738,
              13.28007891765474
            ],
            [
              100.92201141483157,
              13.280279864244596
            ],
            [
              100.9221123103594,
              13.280478445313884
            ],
            [
              100.9222181512526,
              13.280674541237733
            ],
            [
              100.92232887376339,
              13.280868033888114
            ],
            [
              100.9224444112028,
              13.281058806704982
            ],
            [
              100.92256469398079,
              13.281246744766545
            ],
            [
              100.92268964964823,
              13.281431734858478
            ],
            [
              100.92281920294049,
              13.281613665542157
            ],
            [
              100.92295327582276,
              13.281792427221779
            ],
            [
              100.9230917875371,
              13.281967912210419
            ],
            [
              100.92323465465097,
              13.282140014794914
            ],
            [
              100.92338179110763,
              13.282308631299532
            ],
            [
              100.92353310827784,
              13.282473660148481
            ],
            [
              100.92368851501332,
              13.282635001927076
            ],
            [
              100.92384791770165,
              13.282792559441669
            ],
            [
              100.92401122032265,
              13.282946237778193
            ],
            [
              100.92417832450622,
              13.283095944359362
            ],
            [
              100.92434912959158,
              13.283241589000445
            ],
            [
              100.92452353268797,
              13.283383083963626
            ],
            [
              100.92470142873658,
              13.283520344010848
            ],
            [
              100.9248827105739,
              13.283653286455179
            ],
            [
              100.92506726899623,
              13.283781831210655
            ],
            [
              100.92525499282551,
              13.28390590084051
            ],
            [
              100.92544576897632,
              13.284025420603845
            ],
            [
              100.92563948252392,
              13.284140318500679
            ],
            [
              100.92583601677366,
              13.2842505253153
            ],
            [
              100.92603525333115,
              13.28435597465801
            ],
            [
              100.92623707217365,
              13.284456603005093
            ],
            [
              100.92644135172243,
              13.284552349737124
            ],
            [
              100.92664796891596,
              13.284643157175468
            ],
            [
              100.92685679928414,
              13.284728970617042
            ],
            [
              100.92706771702319,
              13.284809738367285
            ],
            [
              100.92728059507161,
              13.284885411771299
            ],
            [
              100.92749530518662,
              13.284955945243166
            ],
            [
              100.92771171802154,
              13.285021296293413
            ],
            [
              100.92792970320362,
              13.285081425554612
            ],
            [
              100.9281491294127,
              13.285136296805108
            ],
            [
              100.92836986446035,
              13.285185876990832
            ],
            [
              100.92859177536941,
              13.285230136245216
            ],
            [
              100.92881472845433,
              13.285269047907194
            ],
            [
              100.92903858940151,
              13.285302588537265
            ],
            [
              100.92926322335039,
              13.285330737931602
            ],
            [
              100.92948849497468,
              13.285353479134232
            ],
            [
              100.9297142685639,
              13.285370798447241
            ],
            [
              100.92994040810518,
              13.285382685439039
            ],
            [
              100.9301667773652,
              13.285389132950625
            ],
            [
              100.93039323997233,
              13.285390137099908
            ],
            [
              100.9306196594988,
              13.285385697284024
            ],
            [
              100.93084589954287,
              13.285375816179723
            ],
            [
              100.9310718238111,
              13.28536049974173
            ],
            [
              100.93129729620041,
              13.285339757199148
            ],
            [
              100.9315221808802,
              13.285313601049905
            ],
            [
              100.93174634237404,
              13.285282047053215
            ],
            [
              100.93196964564154,
              13.28524511422007
            ],
            [
              100.93219195615953,
              13.28520282480179
            ],
            [
              100.93241314000315,
              13.28515520427658
            ],
            [
              100.9326330639267,
              13.285102281334213
            ],
            [
              100.93285159544376,
              13.285044087858713
            ],
            [
              100.93306860290713,
              13.284980658909136
            ],
            [
              100.93328395558808,
              13.284912032698436
            ],
            [
              100.93349752375521,
              13.28483825057046
            ],
            [
              100.93370917875258,
              13.284759356974986
            ],
            [
              100.93391879307721,
              13.284675399440971
            ],
            [
              100.93412624045595,
              13.284586428547884
            ],
            [
              100.9343313959215,
              13.284492497895235
            ],
            [
              100.93453413588783,
              13.284393664070263
            ],
            [
              100.9347343382245,
              13.284289986613848
            ],
            [
              100.9349318823303,
              13.284181527984599
            ],
            [
              100.93512664920598,
              13.28406835352125
            ],
            [
              100.93531852152586,
              13.283950531403262
            ],
            [
              100.9355073837085,
              13.283828132609747
            ],
            [
              100.93569312198646,
              13.28370123087668
            ],
            [
              100.93587562447465,
              13.283569902652486
            ],
            [
              100.93605478123794,
              13.28343422705196
            ],
            [
              100.93623048435721,
              13.28329428580858
            ],
            [
              100.93640262799448,
              13.283150163225294
            ],
            [
              100.93657110845658,
              13.28300194612368
            ],
            [
              100.93673582425768,
              13.282849723791648
            ],
            [
              100.93689667618038,
              13.28269358792964
            ],
            [
              100.93705356733551,
              13.282533632595372
            ],
            [
              100.93720640322039,
              13.282369954147164
            ],
            [
              100.93735509177591,
              13.282202651185857
            ],
            [
              100.93749954344183,
              13.282031824495444
            ],
            [
              100.93763967121075,
              13.28185757698231
            ],
            [
              100.9377753906806,
              13.281680013613242
            ],
            [
              100.93790662010534,
              13.281499241352174
            ],
            [
              100.93803328044426,
              13.281315369095772
            ],
            [
              100.93815529540954,
              13.281128507607782
            ],
            [
              100.93827259151223,
              13.280938769452321
            ],
            [
              100.93838509810647,
              13.280746268926059
            ],
            [
              100.93849274743198,
              13.280551121989344
            ],
            [
              100.9385954746549,
              13.280353446196346
            ],
            [
              100.93869321790689,
              13.280153360624242
            ],
            [
              100.93878591832218,
              13.27995098580147
            ],
            [
              100.9388735200732,
              13.279746443635116
            ],
            [
              100.93895597040405,
              13.27953985733747
            ],
            [
              100.93903321966232,
              13.279331351351805
            ],
            [
              100.93910522132896,
              13.279121051277414
            ],
            [
              100.93917193204618,
              13.278909083793922
            ],
            [
              100.9392333116437,
              13.278695576585
            ],
            [
              100.93928932316275,
              13.278480658261426
            ],
            [
              100.93933993287845,
              13.278264458283639
            ],
            [
              100.93938511031992,
              13.27804710688371
            ],
            [
              100.93942482828876,
              13.277828734986938
            ],
            [
              100.9394590628753,
              13.277609474132937
            ],
            [
              100.93948779347298,
              13.277389456396444
            ],
            [
              100.93951100279078,
              13.277168814307734
            ],
            [
              100.93952867686353,
              13.276947680772794
            ],
            [
              100.93954080506033,
              13.276726188993276
            ],
            [
              100.93954738009089,
              13.276504472386252
            ],
            [
              100.93954839800989,
              13.276282664503857
            ]
          ]
        ]
      },
      "properties": {
        "ชื่อร้าน": "หม่าล่าสายแดรกบางแสน",
        "ประเภท": "เสียบไม้",
        "แหล่งท่องเที่ยว_500m": "ไม่มี",
        "แหล่งท่องเที่ยว_1000m": "ตลาด Wanna Park",
        "buffer_m": 1000
      }
    },
    {
      "type": "Feature",
      "geometry": {
        "type": "Polygon",
        "coordinates": [
          [
            [
              100.9365284539074,
              13.287914413736825
            ],
            [
              100.93652391512384,
              13.287692647975193
            ],
            [
              100.93651382110515,
              13.287471058096418
            ],
            [
              100.93649817794643,
              13.287249777575228
            ],
            [
              100.93647699508533,
              13.287028939699676
            ],
            [
              100.93645028529606,
              13.286808677490837
            ],
            [
              100.93641806468185,
              13.286589123622708
            ],
            [
              100.93638035266515,
              13.286370410342268
            ],
            [
              100.93633717197588,
              13.28615266938987
            ],
            [
              100.93628854863773,
              13.28593603191986
            ],
            [
              100.93623451195246,
              13.28572062842161
            ],
            [
              100.9361750944822,
              13.285506588640905
            ],
            [
              100.93611033202976,
              13.285294041501832
            ],
            [
              100.93604026361719,
              13.285083115029098
            ],
            [
              100.93596493146204,
              13.284873936270955
            ],
            [
              100.93588438095209,
              13.284666631222679
            ],
            [
              100.93579866061785,
              13.284461324750675
            ],
            [
              100.93570782210334,
              13.2842581405173
            ],
            [
              100.93561192013502,
              13.284057200906373
            ],
            [
              100.93551101248876,
              13.283858626949472
            ],
            [
              100.93540515995495,
              13.283662538253067
            ],
            [
              100.93529442630202,
              13.283469052926462
            ],
            [
              100.93517887823783,
              13.283278287510676
            ],
            [
              100.93505858536965,
              13.283090356908284
            ],
            [
              100.93493362016208,
              13.28290537431418
            ],
            [
              100.93480405789344,
              13.282723451147447
            ],
            [
              100.93466997661046,
              13.282544696984244
            ],
            [
              100.9345314570812,
              13.282369219491828
            ],
            [
              100.93438858274638,
              13.282197124363698
            ],
            [
              100.93424143966917,
              13.282028515255972
            ],
            [
              100.93409011648332,
              13.281863493724956
            ],
            [
              100.93393470433978,
              13.281702159165976
            ],
            [
              100.93377529685175,
              13.281544608753558
            ],
            [
              100.93361199003839,
              13.281390937382868
            ],
            [
              100.93344488226685,
              13.281241237612607
            ],
            [
              100.93327407419318,
              13.281095599609241
            ],
            [
              100.93309966870156,
              13.280954111092734
            ],
            [
              100.93292177084243,
              13.280816857283712
            ],
            [
              100.93274048776922,
              13.280683920852141
            ],
            [
              100.93255592867375,
              13.28055538186755
            ],
            [
              100.93236820472055,
              13.280431317750823
            ],
            [
              100.93217742897986,
              13.280311803227574
            ],
            [
              100.93198371635958,
              13.280196910283133
            ],
            [
              100.93178718353607,
              13.280086708119226
            ],
            [
              100.93158794888383,
              13.279981263112287
            ],
            [
              100.93138613240431,
              13.279880638773493
            ],
            [
              100.93118185565356,
              13.279784895710517
            ],
            [
              100.93097524166913,
              13.279694091591024
            ],
            [
              100.9307664148959,
              13.279608281107969
            ],
            [
              100.93055550111116,
              13.279527515946631
            ],
            [
              100.93034262734895,
              13.27945184475351
            ],
            [
              100.93012792182347,
              13.279381313107024
            ],
            [
              100.92991151385193,
              13.279315963490061
            ],
            [
              100.92969353377671,
              13.279255835264404
            ],
            [
              100.92947411288684,
              13.279200964647014
            ],
            [
              100.92925338333892,
              13.279151384688229
            ],
            [
              100.92903147807763,
              13.279107125251853
            ],
            [
              100.92880853075563,
              13.279068212997178
            ],
            [
              100.92858467565314,
              13.279034671362917
            ],
            [
              100.92836004759698,
              13.2790065205531
            ],
            [
              100.92813478187952,
              13.278983777524887
            ],
            [
              100.92790901417713,
              13.278966455978379
            ],
            [
              100.92768288046855,
              13.278954566348336
            ],
            [
              100.92745651695299,
              13.278948115797906
            ],
            [
              100.92723005996812,
              13.278947108214304
            ],
            [
              100.927003645908,
              13.278951544206462
            ],
            [
              100.92677741114093,
              13.278961421104663
            ],
            [
              100.92655149192738,
              13.278976732962144
            ],
            [
              100.92632602433794,
              13.278997470558668
            ],
            [
              100.92610114417134,
              13.279023621406067
            ],
            [
              100.9258769868728,
              13.279055169755766
            ],
            [
              100.92565368745231,
              13.279092096608256
            ],
            [
              100.92543138040348,
              13.279134379724521
            ],
            [
              100.92521019962254,
              13.279181993639439
            ],
            [
              100.92499027832764,
              13.279234909677099
            ],
            [
              100.92477174897869,
              13.279293095968058
            ],
            [
              100.9245547431976,
              13.279356517468548
            ],
            [
              100.92433939168905,
              13.27942513598154
            ],
            [
              100.9241258241617,
              13.279498910179768
            ],
            [
              100.92391416925021,
              13.279577795630587
            ],
            [
              100.92370455443763,
              13.279661744822738
            ],
            [
              100.92349710597877,
              13.279750707194939
            ],
            [
              100.92329194882412,
              13.279844629166336
            ],
            [
              100.92308920654453,
              13.279943454168759
            ],
            [
              100.92288900125695,
              13.280047122680775
            ],
            [
              100.92269145355075,
              13.280155572263528
            ],
            [
              100.92249668241523,
              13.280268737598332
            ],
            [
              100.92230480516774,
              13.280386550526009
            ],
            [
              100.92211593738331,
              13.2805089400879
            ],
            [
              100.92193019282482,
              13.280635832568624
            ],
            [
              100.9217476833746,
              13.280767151540445
            ],
            [
              100.921568518967,
              13.280902817909286
            ],
            [
              100.92139280752218,
              13.28104274996237
            ],
            [
              100.92122065488111,
              13.281186863417409
            ],
            [
              100.92105216474182,
              13.281335071473364
            ],
            [
              100.92088743859694,
              13.281487284862708
            ],
            [
              100.92072657567257,
              13.281643411905172
            ],
            [
              100.92056967286847,
              13.281803358562968
            ],
            [
              100.92041682469974,
              13.281967028497409
            ],
            [
              100.92026812323984,
              13.282134323126908
            ],
            [
              100.92012365806514,
              13.282305141686379
            ],
            [
              100.91998351620093,
              13.282479381287878
            ],
            [
              100.91984778206903,
              13.282656936982576
            ],
            [
              100.91971653743691,
              13.282837701823976
            ],
            [
              100.91958986136837,
              13.283021566932307
            ],
            [
              100.91946783017595,
              13.283208421560076
            ],
            [
              100.91935051737494,
              13.283398153158798
            ],
            [
              100.91923799363907,
              13.283590647446754
            ],
            [
              100.91913032675792,
              13.283785788477816
            ],
            [
              100.91902758159607,
              13.283983458711297
            ],
            [
              100.91892982005393,
              13.284183539082713
            ],
            [
              100.9188371010306,
              13.284385909075517
            ],
            [
              100.91874948038816,
              13.28459044679366
            ],
            [
              100.91866701091813,
              13.284797029035024
            ],
            [
              100.91858974230958,
              13.285005531365622
            ],
            [
              100.91851772111924,
              13.285215828194543
            ],
            [
              100.91845099074332,
              13.285427792849585
            ],
            [
              100.91838959139142,
              13.28564129765357
            ],
            [
              100.91833356006222,
              13.285856214001237
            ],
            [
              100.91828293052124,
              13.286072412436695
            ],
            [
              100.91823773328034,
              13.28628976273142
            ],
            [
              100.91819799557945,
              13.286508133962666
            ],
            [
              100.91816374137,
              13.28672739459236
            ],
            [
              100.91813499130055,
              13.286947412546308
            ],
            [
              100.91811176270427,
              13.28716805529377
            ],
            [
              100.91809406958848,
              13.287389189927268
            ],
            [
              100.91808192262611,
              13.28761068324267
            ],
            [
              100.91807532914939,
              13.287832401819418
            ],
            [
              100.9180742931452,
              13.28805421210091
            ],
            [
              100.9180788152528,
              13.288275980474916
            ],
            [
              100.91808889276327,
              13.288497573354121
            ],
            [
              100.91810451962122,
              13.288718857256557
            ],
            [
              100.91812568642838,
              13.28893969888603
            ],
            [
              100.91815238044913,
              13.289159965212422
            ],
            [
              100.91818458561825,
              13.289379523551824
            ],
            [
              100.91822228255049,
              13.289598241646472
            ],
            [
              100.91826544855229,
              13.289815987744419
            ],
            [
              100.91831405763533,
              13.290032630678928
            ],
            [
              100.9183680805322,
              13.290248039947459
            ],
            [
              100.918427484714,
              13.290462085790324
            ],
            [
              100.91849223440988,
              13.290674639268836
            ],
            [
              100.91856229062859,
              13.290885572343017
            ],
            [
              100.9186376111819,
              13.291094757948702
            ],
            [
              100.91871815071,
              13.291302070074131
            ],
            [
              100.91880386070886,
              13.291507383835842
            ],
            [
              100.91889468955932,
              13.291710575553916
            ],
            [
              100.91899058255822,
              13.29191152282651
            ],
            [
              100.91909148195133,
              13.292110104603577
            ],
            [
              100.91919732696807,
              13.292306201259812
            ],
            [
              100.91930805385819,
              13.292499694666748
            ],
            [
              100.91942359593007,
              13.292690468263876
            ],
            [
              100.9195438835909,
              13.292878407128931
            ],
            [
              100.91966884438864,
              13.293063398047103
            ],
            [
              100.91979840305557,
              13.293245329579262
            ],
            [
              100.91993248155362,
              13.293424092129092
            ],
            [
              100.9200709991215,
              13.293599578009133
            ],
            [
              100.92021387232316,
              13.293771681505675
            ],
            [
              100.92036101509818,
              13.29394029894245
            ],
            [
              100.92051233881354,
              13.294105328743084
            ],
            [
              100.92066775231699,
              13.294266671492316
            ],
            [
              100.92082716199208,
              13.294424229995903
            ],
            [
              100.92099047181439,
              13.29457790933918
            ],
            [
              100.9211575834095,
              13.294727616944249
            ],
            [
              100.92132839611214,
              13.294873262625753
            ],
            [
              100.92150280702701,
              13.29501475864524
            ],
            [
              100.92168071109059,
              13.295152019764013
            ],
            [
              100.92186200113451,
              13.295284963294488
            ],
            [
              100.92204656795013,
              13.295413509150038
            ],
            [
              100.92223430035436,
              13.295537579893223
            ],
            [
              100.92242508525655,
              13.295657100782476
            ],
            [
              100.92261880772678,
              13.295771999817116
            ],
            [
              100.92281535106493,
              13.295882207780751
            ],
            [
              100.92301459687118,
              13.295987658282977
            ],
            [
              100.92321642511722,
              13.29608828779938
            ],
            [
              100.92342071421862,
              13.296184035709809
            ],
            [
              100.92362734110812,
              13.296274844334922
            ],
            [
              100.92383618130972,
              13.296360658970915
            ],
            [
              100.92404710901378,
              13.296441427922495
            ],
            [
              100.92425999715275,
              13.296517102534034
            ],
            [
              100.92447471747778,
              13.296587637218883
            ],
            [
              100.924691140636,
              13.29665298948683
            ],
            [
              100.92490913624846,
              13.29671311996971
            ],
            [
              100.9251285729887,
              13.296767992445115
            ],
            [
              100.92534931866192,
              13.296817573858247
            ],
            [
              100.92557124028457,
              13.296861834341783
            ],
            [
              100.92579420416462,
              13.296900747233916
            ],
            [
              100.92601807598194,
              13.296934289094395
            ],
            [
              100.92624272086945,
              13.296962439718646
            ],
            [
              100.92646800349425,
              13.296985182149948
            ],
            [
              100.92669378813918,
              13.29700250268965
            ],
            [
              100.92691993878474,
              13.297014390905415
            ],
            [
              100.92714631919088,
              13.297020839637499
            ],
            [
              100.92737279297927,
              13.297021845003066
            ],
            [
              100.92759922371536,
              13.297017406398533
            ],
            [
              100.92782547499067,
              13.297007526499907
            ],
            [
              100.92805141050493,
              13.296992211261179
            ],
            [
              100.92827689414835,
              13.29697146991073
            ],
            [
              100.92850179008347,
              13.29694531494578
            ],
            [
              100.92872596282712,
              13.296913762124808
            ],
            [
              100.92894927733205,
              13.296876830458114
            ],
            [
              100.92917159906834,
              13.296834542196294
            ],
            [
              100.9293927941044,
              13.296786922816878
            ],
            [
              100.92961272918771,
              13.296734001008936
            ],
            [
              100.92983127182514,
              13.296675808655815
            ],
            [
              100.93004829036275,
              13.296612380815887
            ],
            [
              100.93026365406519,
              13.296543755701446
            ],
            [
              100.93047723319437,
              13.296469974655675
            ],
            [
              100.9306888990877,
              13.296391082127705
            ],
            [
              100.93089852423567,
              13.29630712564585
            ],
            [
              100.93110598235856,
              13.296218155788948
            ],
            [
              100.93131114848265,
              13.296124226155884
            ],
            [
              100.9315138990154,
              13.296025393333297
            ],
            [
              100.93171411182004,
              13.295921716861445
            ],
            [
              100.93191166628904,
              13.295813259198368
            ],
            [
              100.9321064434169,
              13.295700085682217
            ],
            [
              100.9322983258717,
              13.295582264491879
            ],
            [
              100.93248719806599,
              13.295459866605919
            ],
            [
              100.93267294622618,
              13.295332965759766
            ],
            [
              100.93285545846129,
              13.29520163840132
            ],
            [
              100.93303462483028,
              13.295065963644857
            ],
            [
              100.93321033740828,
              13.294926023223354
            ],
            [
              100.93338249035155,
              13.294781901439267
            ],
            [
              100.93355097996132,
              13.2946336851137
            ],
            [
              100.93371570474628,
              13.2944814635341
            ],
            [
              100.93387656548359,
              13.294325328400467
            ],
            [
              100.93403346527874,
              13.294165373770085
            ],
            [
              100.93418630962391,
              13.29400169600084
            ],
            [
              100.93433500645482,
              13.293834393693198
            ],
            [
              100.93447946620628,
              13.293663567630745
            ],
            [
              100.93461960186603,
              13.293489320719502
            ],
            [
              100.93475532902723,
              13.293311757925899
            ],
            [
              100.9348865659392,
              13.293130986213535
            ],
            [
              100.93501323355673,
              13.292947114478746
            ],
            [
              100.93513525558764,
              13.292760253484976
            ],
            [
              100.9352525585387,
              13.292570515796058
            ],
            [
              100.93536507175992,
              13.292378015708374
            ],
            [
              100.93547272748705,
              13.292182869182021
            ],
            [
              100.9355754608824,
              13.291985193770936
            ],
            [
              100.93567321007386,
              13.291785108552062
            ],
            [
              100.93576591619214,
              13.291582734053645
            ],
            [
              100.93585352340621,
              13.291378192182567
            ],
            [
              100.93593597895692,
              13.291171606150959
            ],
            [
              100.93601323318869,
              13.290963100401939
            ],
            [
              100.93608523957948,
              13.290752800534658
            ],
            [
              100.93615195476873,
              13.290540833228631
            ],
            [
              100.9362133385834,
              13.290327326167422
            ],
            [
              100.93626935406223,
              13.290112407961738
            ],
            [
              100.93631996747793,
              13.289896208071935
            ],
            [
              100.93636514835745,
              13.28967885673005
            ],
            [
              100.93640486950031,
              13.289460484861348
            ],
            [
              100.93643910699491,
              13.289241224005439
            ],
            [
              100.93646784023301,
              13.289021206237058
            ],
            [
              100.93649105192196,
              13.288800564086504
            ],
            [
              100.93650872809522,
              13.28857943045981
            ],
            [
              100.93652085812059,
              13.288357938558685
            ],
            [
              100.93652743470673,
              13.28813622180028
            ],
            [
              100.9365284539074,
              13.287914413736825
            ]
          ]
        ]
      },
      "properties": {
        "ชื่อร้าน": "สถานี.หม่าล่า",
        "ประเภท": "เสียบไม้",
        "แหล่งท่องเที่ยว_500m": "พิพิธภัณฑ์สัตว์น้ำบางแสน, แหลมทอง (Laemtong)",
        "แหล่งท่องเที่ยว_1000m": "ไม่มี",
        "buffer_m": 1000
      }
    },
    {
      "type": "Feature",
      "geometry": {
        "type": "Polygon",
        "coordinates": [
          [
            [
              100.93858172886189,
              13.28225536859576
            ],
            [
              100.93857718905852,
              13.282033603019853
            ],
            [
              100.93856709415621,
              13.28181201335384
            ],
            [
              100.93855145025064,
              13.281590733072312
            ],
            [
              100.93853026677985,
              13.281369895463184
            ],
            [
              100.93850355651843,
              13.281149633547361
            ],
            [
              100.9384713355699,
              13.280930079998663
            ],
            [
              100.93843362335687,
              13.280711367063878
            ],
            [
              100.9383904426094,
              13.280493626483153
            ],
            [
              100.93834181935121,
              13.280276989410602
            ],
            [
              100.93828778288398,
              13.280061586335357
            ],
            [
              100.93822836576972,
              13.279847547002959
            ],
            [
              100.93816360381102,
              13.279635000337205
            ],
            [
              100.93809353602961,
              13.279424074362536
            ],
            [
              100.93801820464269,
              13.279214896126893
            ],
            [
              100.9379376550375,
              13.279007591625238
            ],
            [
              100.93785193574405,
              13.278802285723652
            ],
            [
              100.93776109840573,
              13.278599102084149
            ],
            [
              100.93766519774827,
              13.27839816309018
            ],
            [
              100.93756429154674,
              13.278199589772973
            ],
            [
              100.93745844059067,
              13.278003501738588
            ],
            [
              100.9373477086475,
              13.277810017095954
            ],
            [
              100.9372321624241,
              13.277619252385671
            ],
            [
              100.93711187152658,
              13.277431322509885
            ],
            [
              100.93698690841839,
              13.277246340663066
            ],
            [
              100.93685734837656,
              13.27706441826384
            ],
            [
              100.93672326944646,
              13.27688566488791
            ],
            [
              100.93658475239475,
              13.276710188202058
            ],
            [
              100.93644188066064,
              13.276538093899301
            ],
            [
              100.93629474030574,
              13.27636948563526
            ],
            [
              100.93614341996215,
              13.276204464965746
            ],
            [
              100.93598801077913,
              13.276043131285558
            ],
            [
              100.93582860636805,
              13.275885581768696
            ],
            [
              100.93566530274624,
              13.275731911309796
            ],
            [
              100.93549819827894,
              13.27558221246701
            ],
            [
              100.93532739362016,
              13.275436575406252
            ],
            [
              100.93515299165205,
              13.275295087846915
            ],
            [
              100.93497509742295,
              13.275157835009054
            ],
            [
              100.93479381808406,
              13.275024899562057
            ],
            [
              100.93460926282496,
              13.274896361574863
            ],
            [
              100.93442154280791,
              13.27477229846776
            ],
            [
              100.93423077110074,
              13.274652784965749
            ],
            [
              100.93403706260892,
              13.274537893053559
            ],
            [
              100.93384053400635,
              13.274427691932297
            ],
            [
              100.93364130366496,
              13.27432224797777
            ],
            [
              100.93343949158363,
              13.274221624700523
            ],
            [
              100.93323521931575,
              13.274125882707594
            ],
            [
              100.93302860989616,
              13.274035079666016
            ],
            [
              100.932819787767,
              13.273949270268087
            ],
            [
              100.9326088787028,
              13.273868506198442
            ],
            [
              100.9323960097347,
              13.273792836102931
            ],
            [
              100.93218130907407,
              13.273722305559305
            ],
            [
              100.93196490603518,
              13.273656957049804
            ],
            [
              100.93174693095742,
              13.273596829935537
            ],
            [
              100.93152751512682,
              13.273541960432802
            ],
            [
              100.93130679069695,
              13.273492381591268
            ],
            [
              100.93108489060944,
              13.273448123274072
            ],
            [
              100.9308619485138,
              13.273409212139835
            ],
            [
              100.9306380986871,
              13.273375671626601
            ],
            [
              100.930413475953,
              13.273347521937717
            ],
            [
              100.9301882156007,
              13.273324780029691
            ],
            [
              100.9299624533033,
              13.273307459601932
            ],
            [
              100.92973632503632,
              13.273295571088537
            ],
            [
              100.9295099669957,
              13.273289121651988
            ],
            [
              100.92928351551579,
              13.273288115178822
            ],
            [
              100.92905710698736,
              13.273292552277313
            ],
            [
              100.92883087777538,
              13.273302430277077
            ],
            [
              100.92860496413701,
              13.273317743230688
            ],
            [
              100.92837950213945,
              13.273338481917255
            ],
            [
              100.9281546275781,
              13.273364633847946
            ],
            [
              100.92793047589475,
              13.27339618327355
            ],
            [
              100.92770718209609,
              13.273433111193892
            ],
            [
              100.92748488067234,
              13.273475395369331
            ],
            [
              100.92726370551631,
              13.273523010334099
            ],
            [
              100.92704378984278,
              13.273575927411652
            ],
            [
              100.92682526610831,
              13.27363411473193
            ],
            [
              100.9266082659314,
              13.273697537250532
            ],
            [
              100.9263929200134,
              13.273766156769833
            ],
            [
              100.92617935805958,
              13.273839931961946
            ],
            [
              100.92596770870124,
              13.273918818393632
            ],
            [
              100.9257580994181,
              13.274002768553043
            ],
            [
              100.9255506564617,
              13.274091731878313
            ],
            [
              100.92534550477913,
              13.274185654788015
            ],
            [
              100.92514276793801,
              13.274284480713405
            ],
            [
              100.92494256805202,
              13.2743881501325
            ],
            [
              100.92474502570728,
              13.274496600605893
            ],
            [
              100.92455025988983,
              13.274609766814365
            ],
            [
              100.92435838791386,
              13.274727580598205
            ],
            [
              100.92416952535122,
              13.274849970998233
            ],
            [
              100.92398378596162,
              13.274976864298573
            ],
            [
              100.92380128162435,
              13.275108184070984
            ],
            [
              100.92362212227063,
              13.2752438512209
            ],
            [
              100.92344641581757,
              13.275383784035084
            ],
            [
              100.92327426810319,
              13.275527898230777
            ],
            [
              100.9231057828225,
              13.275676107006493
            ],
            [
              100.92294106146524,
              13.27582832109427
            ],
            [
              100.92278020325463,
              13.275984448813414
            ],
            [
              100.92262330508757,
              13.276144396125732
            ],
            [
              100.9224704614764,
              13.27630806669213
            ],
            [
              100.9223217644918,
              13.276475361930645
            ],
            [
              100.92217730370747,
              13.276646181075813
            ],
            [
              100.92203716614605,
              13.276820421239334
            ],
            [
              100.92190143622679,
              13.276997977472046
            ],
            [
              100.92177019571459,
              13.277178742827122
            ],
            [
              100.92164352367078,
              13.277362608424468
            ],
            [
              100.92152149640548,
              13.2775494635163
            ],
            [
              100.9214041874316,
              13.277739195553849
            ],
            [
              100.92129166742058,
              13.277931690255125
            ],
            [
              100.92118400415977,
              13.27812683167375
            ],
            [
              100.9210812625115,
              13.278324502268802
            ],
            [
              100.92098350437416,
              13.278524582975571
            ],
            [
              100.92089078864471,
              13.278726953277301
            ],
            [
              100.92080317118327,
              13.278931491277758
            ],
            [
              100.92072070477946,
              13.279138073774652
            ],
            [
              100.9206434391205,
              13.279346576333834
            ],
            [
              100.92057142076132,
              13.279556873364252
            ],
            [
              100.92050469309642,
              13.279768838193583
            ],
            [
              100.92044329633377,
              13.279982343144535
            ],
            [
              100.92038726747049,
              13.280197259611754
            ],
            [
              100.92033664027058,
              13.280413458139277
            ],
            [
              100.92029144524454,
              13.280630808498515
            ],
            [
              100.9202517096309,
              13.280849179766692
            ],
            [
              100.92021745737988,
              13.281068440405702
            ],
            [
              100.92018870913884,
              13.28128845834134
            ],
            [
              100.92016548223982,
              13.281509101042875
            ],
            [
              100.92014779068911,
              13.281730235602856
            ],
            [
              100.92013564515874,
              13.281951728817196
            ],
            [
              100.92012905298,
              13.28217344726539
            ],
            [
              100.92012801813902,
              13.282395257390906
            ],
            [
              100.92013254127434,
              13.282617025581615
            ],
            [
              100.92014261967645,
              13.282838618250304
            ],
            [
              100.92015824728941,
              13.283059901915134
            ],
            [
              100.92017941471441,
              13.283280743280052
            ],
            [
              100.92020610921554,
              13.283501009315094
            ],
            [
              100.92023831472723,
              13.283720567336529
            ],
            [
              100.92027601186406,
              13.283939285086777
            ],
            [
              100.9203191779323,
              13.284157030814107
            ],
            [
              100.9203677869436,
              13.284373673351997
            ],
            [
              100.92042180963058,
              13.28458908219815
            ],
            [
              100.92048121346447,
              13.284803127593126
            ],
            [
              100.92054596267461,
              13.285015680598514
            ],
            [
              100.92061601827004,
              13.285226613174611
            ],
            [
              100.9206913380629,
              13.285435798257563
            ],
            [
              100.92077187669383,
              13.285643109835917
            ],
            [
              100.92085758565933,
              13.285848423026545
            ],
            [
              100.92094841334087,
              13.286051614149876
            ],
            [
              100.92104430503596,
              13.286252560804419
            ],
            [
              100.92114520299117,
              13.286451141940502
            ],
            [
              100.9212510464368,
              13.286647237933217
            ],
            [
              100.9213617716235,
              13.286840730654475
            ],
            [
              100.92147731186066,
              13.287031503544208
            ],
            [
              100.92159759755663,
              13.287219441680563
            ],
            [
              100.9217225562605,
              13.287404431849176
            ],
            [
              100.9218521127058,
              13.287586362611364
            ],
            [
              100.92198618885587,
              13.287765124371283
            ],
            [
              100.92212470395073,
              13.28794060944196
            ],
            [
              100.92226757455587,
              13.28811271211016
            ],
            [
              100.92241471461242,
              13.288281328700123
            ],
            [
              100.92256603548898,
              13.288446357635982
            ],
            [
              100.92272144603506,
              13.288607699503011
            ],
            [
              100.92288085263591,
              13.288765257107492
            ],
            [
              100.92304415926903,
              13.288918935535312
            ],
            [
              100.92321126756184,
              13.289068642209118
            ],
            [
              100.92338207685117,
              13.289214286944127
            ],
            [
              100.92355648424368,
              13.289355782002465
            ],
            [
              100.92373438467797,
              13.289493042145999
            ],
            [
              100.92391567098791,
              13.289625984687751
            ],
            [
              100.9241002339671,
              13.289754529541687
            ],
            [
              100.92428796243472,
              13.289878599270978
            ],
            [
              100.92447874330253,
              13.28999811913467
            ],
            [
              100.92467246164301,
              13.290113017132704
            ],
            [
              100.92486900075858,
              13.290223224049317
            ],
            [
              100.92506824225192,
              13.290328673494736
            ],
            [
              100.92527006609731,
              13.290429301945188
            ],
            [
              100.92547435071302,
              13.290525048781177
            ],
            [
              100.92568097303446,
              13.290615856323997
            ],
            [
              100.92588980858841,
              13.29070166987051
            ],
            [
              100.926100731568,
              13.290782437726085
            ],
            [
              100.92631361490855,
              13.290858111235755
            ],
            [
              100.9265283303641,
              13.290928644813535
            ],
            [
              100.92674474858471,
              13.290993995969888
            ],
            [
              100.92696273919442,
              13.291054125337322
            ],
            [
              100.92718217086978,
              13.291108996694105
            ],
            [
              100.92740291141907,
              13.29115857698611
            ],
            [
              100.9276248278618,
              13.291202836346699
            ],
            [
              100.92784778650908,
              13.291241748114748
            ],
            [
              100.92807165304396,
              13.291275288850679
            ],
            [
              100.9282962926025,
              13.291303438350596
            ],
            [
              100.92852156985502,
              13.291326179658473
            ],
            [
              100.92874734908764,
              13.291343499076326
            ],
            [
              100.92897349428411,
              13.291355386172501
            ],
            [
              100.92919986920768,
              13.291361833787926
            ],
            [
              100.92942633748332,
              13.291362838040452
            ],
            [
              100.92965276267978,
              13.291358398327157
            ],
            [
              100.92987900839195,
              13.291348517324723
            ],
            [
              100.93010493832297,
              13.2913332009878
            ],
            [
              100.93033041636632,
              13.291312458545452
            ],
            [
              100.93055530668796,
              13.291286302495536
            ],
            [
              100.93077947380814,
              13.291254748597202
            ],
            [
              100.931002782683,
              13.29121781586139
            ],
            [
              100.93122509878597,
              13.29117552653935
            ],
            [
              100.9314462881889,
              13.291127906109244
            ],
            [
              100.93166621764266,
              13.291074983260781
            ],
            [
              100.93188475465753,
              13.291016789877926
            ],
            [
              100.93210176758298,
              13.290953361019687
            ],
            [
              100.93231712568698,
              13.29088473489896
            ],
            [
              100.93253069923487,
              13.290810952859534
            ],
            [
              100.93274235956744,
              13.290732059351145
            ],
            [
              100.93295197917851,
              13.290648101902693
            ],
            [
              100.93315943179172,
              13.2905591310936
            ],
            [
              100.93336459243666,
              13.29046520052332
            ],
            [
              100.9335673375241,
              13.290366366779057
            ],
            [
              100.93376754492054,
              13.29026268940163
            ],
            [
              100.93396509402174,
              13.290154230849613
            ],
            [
              100.93415986582545,
              13.29004105646169
            ],
            [
              100.93435174300294,
              13.289923234417284
            ],
            [
              100.93454060996993,
              13.289800835695461
            ],
            [
              100.93472635295602,
              13.289673934032157
            ],
            [
              100.93490886007334,
              13.289542605875761
            ],
            [
              100.93508802138392,
              13.28940693034102
            ],
            [
              100.93526372896594,
              13.289266989161392
            ],
            [
              100.93543587697867,
              13.289122866639772
            ],
            [
              100.93560436172638,
              13.288974649597714
            ],
            [
              100.9357690817206,
              13.2888224273231
            ],
            [
              100.9359299377414,
              13.288666291516325
            ],
            [
              100.93608683289719,
              13.28850633623509
            ],
            [
              100.93623967268285,
              13.28834265783768
            ],
            [
              100.93638836503689,
              13.288175354924912
            ],
            [
              100.93653282039682,
              13.288004528280744
            ],
            [
              100.93667295175302,
              13.287830280811548
            ],
            [
              100.93680867470125,
              13.287652717484079
            ],
            [
              100.93693990749335,
              13.287471945262265
            ],
            [
              100.93706657108662,
              13.28728807304273
            ],
            [
              100.93718858919128,
              13.287101211589219
            ],
            [
              100.93730588831647,
              13.286911473465826
            ],
            [
              100.9374183978145,
              13.286718972969197
            ],
            [
              100.93752604992336,
              13.286523826059682
            ],
            [
              100.93762877980755,
              13.286326150291423
            ],
            [
              100.93772652559707,
              13.286126064741596
            ],
            [
              100.93781922842469,
              13.285923689938622
            ],
            [
              100.93790683246134,
              13.285719147789578
            ],
            [
              100.93798928494975,
              13.285512561506755
            ],
            [
              100.93806653623625,
              13.285304055533418
            ],
            [
              100.93813853980052,
              13.285093755468845
            ],
            [
              100.9382052522837,
              13.284881787992665
            ],
            [
              100.9382666335144,
              13.28466828078855
            ],
            [
              100.93832264653291,
              13.284453362467282
            ],
            [
              100.9383732576134,
              13.284237162489287
            ],
            [
              100.93841843628422,
              13.28401981108665
            ],
            [
              100.93845815534623,
              13.283801439184668
            ],
            [
              100.93849239088907,
              13.283582178322964
            ],
            [
              100.93852112230567,
              13.283362160576281
            ],
            [
              100.93854433230449,
              13.2831415184749
            ],
            [
              100.93856200691995,
              13.28292038492482
            ],
            [
              100.93857413552084,
              13.282698893127703
            ],
            [
              100.93858071081665,
              13.282477176500633
            ],
            [
              100.93858172886189,
              13.28225536859576
            ]
          ]
        ]
      },
      "properties": {
        "ชื่อร้าน": "ชินชา หม่าล่า บางแสน",
        "ประเภท": "เสียบไม้",
        "แหล่งท่องเที่ยว_500m": "ไม่มี",
        "แหล่งท่องเที่ยว_1000m": "พิพิธภัณฑ์สัตว์น้ำบางแสน, แหลมทอง (Laemtong)",
        "buffer_m": 1000
      }
    },
    {
      "type": "Feature",
      "geometry": {
        "type": "Polygon",
        "coordinates": [
          [
            [
              100.93268855847654,
              13.274242893519306
            ],
            [
              100.93268402520305,
              13.274021126951782
            ],
            [
              100.93267393698936,
              13.273799536141139
            ],
            [
              100.93265829992717,
              13.273578254562675
            ],
            [
              100.93263712345035,
              13.273357415505076
            ],
            [
              100.9326104203293,
              13.273137151990145
            ],
            [
              100.93257820666321,
              13.272917596692663
            ],
            [
              100.9325405018703,
              13.272698881860482
            ],
            [
              100.93249732867616,
              13.272481139234891
            ],
            [
              100.93244871309996,
              13.272264499971255
            ],
            [
              100.93239468443872,
              13.272049094560032
            ],
            [
              100.93233527524974,
              13.271835052748171
            ],
            [
              100.93227052133089,
              13.27162250346098
            ],
            [
              100.93220046169898,
              13.271411574724477
            ],
            [
              100.93212513856635,
              13.271202393588288
            ],
            [
              100.93204459731525,
              13.270995086049119
            ],
            [
              100.93195888647062,
              13.270789776974889
            ],
            [
              100.93186805767083,
              13.270586590029534
            ],
            [
              100.9317721656364,
              13.270385647598511
            ],
            [
              100.93167126813722,
              13.270187070715107
            ],
            [
              100.9315654259576,
              13.269990978987563
            ],
            [
              100.9314547028597,
              13.269797490527019
            ],
            [
              100.931339165545,
              13.26960672187639
            ],
            [
              100.93121888361433,
              13.269418787940207
            ],
            [
              100.93109392952567,
              13.269233801915385
            ],
            [
              100.93096437855067,
              13.269051875223075
            ],
            [
              100.93083030872924,
              13.26887311744158
            ],
            [
              100.9306918008225,
              13.268697636240327
            ],
            [
              100.93054893826421,
              13.268525537315076
            ],
            [
              100.93040180711046,
              13.268356924324234
            ],
            [
              100.93025049598779,
              13.268191898826448
            ],
            [
              100.9300950960399,
              13.268030560219454
            ],
            [
              100.92993570087266,
              13.267873005680217
            ],
            [
              100.92977240649778,
              13.267719330106395
            ],
            [
              100.92960531127494,
              13.26756962605923
            ],
            [
              100.92943451585263,
              13.267423983707776
            ],
            [
              100.92926012310744,
              13.267282490774619
            ],
            [
              100.92908223808212,
              13.267145232483047
            ],
            [
              100.92890096792236,
              13.267012291505738
            ],
            [
              100.92871642181225,
              13.266883747914969
            ],
            [
              100.9285287109085,
              13.266759679134402
            ],
            [
              100.9283379482735,
              13.266640159892463
            ],
            [
              100.92814424880724,
              13.266525262177327
            ],
            [
              100.9279477291782,
              13.26641505519361
            ],
            [
              100.92774850775292,
              13.266309605320645
            ],
            [
              100.92754670452491,
              13.266208976072544
            ],
            [
              100.92734244104228,
              13.266113228059943
            ],
            [
              100.92713584033456,
              13.266022418953492
            ],
            [
              100.92692702683863,
              13.265936603449154
            ],
            [
              100.92671612632385,
              13.265855833235229
            ],
            [
              100.92650326581627,
              13.265780156961272
            ],
            [
              100.9262885735221,
              13.265709620208755
            ],
            [
              100.92607217875062,
              13.265644265463646
            ],
            [
              100.92585421183625,
              13.265584132090819
            ],
            [
              100.92563480406012,
              13.265529256310334
            ],
            [
              100.92541408757096,
              13.265479671175635
            ],
            [
              100.9251921953056,
              13.265435406553653
            ],
            [
              100.9249692609089,
              13.265396489106797
            ],
            [
              100.92474541865325,
              13.265362942276905
            ],
            [
              100.92452080335781,
              13.265334786271135
            ],
            [
              100.92429555030726,
              13.265312038049782
            ],
            [
              100.92406979517038,
              13.26529471131606
            ],
            [
              100.92384367391833,
              13.26528281650786
            ],
            [
              100.92361732274284,
              13.265276360791441
            ],
            [
              100.92339087797417,
              13.265275348057129
            ],
            [
              100.92316447599904,
              13.265279778916948
            ],
            [
              100.92293825317847,
              13.265289650704279
            ],
            [
              100.92271234576579,
              13.265304957475422
            ],
            [
              100.92248688982444,
              13.265325690013201
            ],
            [
              100.92226202114622,
              13.265351835832499
            ],
            [
              100.92203787516938,
              13.26538337918775
            ],
            [
              100.92181458689713,
              13.265420301082454
            ],
            [
              100.9215922908164,
              13.265462579280573
            ],
            [
              100.92137112081679,
              13.265510188319947
            ],
            [
              100.92115121010998,
              13.265563099527583
            ],
            [
              100.92093269114953,
              13.265621281036948
            ],
            [
              100.92071569555111,
              13.265684697807146
            ],
            [
              100.92050035401324,
              13.265753311643989
            ],
            [
              100.92028679623864,
              13.265827081223014
            ],
            [
              100.92007515085604,
              13.265905962114356
            ],
            [
              100.9198655453428,
              13.265989906809496
            ],
            [
              100.91965810594813,
              13.266078864749849
            ],
            [
              100.91945295761707,
              13.266172782357229
            ],
            [
              100.91925022391517,
              13.266271603066068
            ],
            [
              100.9190500269542,
              13.266375267357528
            ],
            [
              100.91885248731856,
              13.266483712795278
            ],
            [
              100.91865772399261,
              13.266596874063126
            ],
            [
              100.91846585428908,
              13.266714683004327
            ],
            [
              100.91827699377843,
              13.266837068662625
            ],
            [
              100.91809125621918,
              13.26696395732497
            ],
            [
              100.9179087534894,
              13.267095272565923
            ],
            [
              100.91772959551943,
              13.26723093529365
            ],
            [
              100.91755389022553,
              13.267370863797554
            ],
            [
              100.91738174344499,
              13.267514973797477
            ],
            [
              100.91721325887228,
              13.267663178494448
            ],
            [
              100.9170485379967,
              13.267815388622962
            ],
            [
              100.91688768004114,
              13.267971512504703
            ],
            [
              100.9167307819024,
              13.26813145610378
            ],
            [
              100.91657793809273,
              13.268295123083343
            ],
            [
              100.91642924068297,
              13.268462414863578
            ],
            [
              100.91628477924705,
              13.268633230681099
            ],
            [
              100.91614464080801,
              13.268807467649614
            ],
            [
              100.91600890978557,
              13.268985020821878
            ],
            [
              100.91587766794532,
              13.269165783252902
            ],
            [
              100.9157509943494,
              13.269349646064361
            ],
            [
              100.91562896530881,
              13.269536498510139
            ],
            [
              100.91551165433756,
              13.269726228043064
            ],
            [
              100.91539913210828,
              13.269918720382654
            ],
            [
              100.91529146640958,
              13.270113859583951
            ],
            [
              100.91518872210534,
              13.270311528107364
            ],
            [
              100.91509096109547,
              13.27051160688944
            ],
            [
              100.91499824227867,
              13.270713975414578
            ],
            [
              100.91491062151692,
              13.270918511787617
            ],
            [
              100.9148281516018,
              13.271125092807246
            ],
            [
              100.91475088222262,
              13.27133359404021
            ],
            [
              100.91467885993657,
              13.271543889896257
            ],
            [
              100.9146121281405,
              13.271755853703777
            ],
            [
              100.91455072704484,
              13.27196935778609
            ],
            [
              100.91449469364932,
              13.272184273538379
            ],
            [
              100.91444406172064,
              13.27240047150511
            ],
            [
              100.91439886177216,
              13.272617821458034
            ],
            [
              100.91435912104534,
              13.272836192474621
            ],
            [
              100.91432486349348,
              13.273055453016925
            ],
            [
              100.91429610976711,
              13.273275471010807
            ],
            [
              100.9142728772016,
              13.273496113925505
            ],
            [
              100.91425517980659,
              13.273717248853439
            ],
            [
              100.91424302825766,
              13.273938742590316
            ],
            [
              100.9142364298897,
              13.274160461715315
            ],
            [
              100.91423538869257,
              13.274382272671506
            ],
            [
              100.91423990530859,
              13.274604041846265
            ],
            [
              100.91424997703221,
              13.274825635651796
            ],
            [
              100.91426559781148,
              13.275046920605577
            ],
            [
              100.91428675825172,
              13.275267763410794
            ],
            [
              100.91431344562118,
              13.275488031036613
            ],
            [
              100.91434564385862,
              13.275707590798357
            ],
            [
              100.91438333358298,
              13.27592631043741
            ],
            [
              100.91442649210498,
              13.2761440582009
            ],
            [
              100.91447509344081,
              13.276360702921096
            ],
            [
              100.91452910832773,
              13.27657611409439
            ],
            [
              100.9145885042416,
              13.276790161959946
            ],
            [
              100.9146532454166,
              13.277002717577881
            ],
            [
              100.91472329286658,
              13.27721365290692
            ],
            [
              100.91479860440857,
              13.277422840881558
            ],
            [
              100.9148791346882,
              13.27763015548861
            ],
            [
              100.914964835207,
              13.277835471843138
            ],
            [
              100.91505565435148,
              13.27803866626366
            ],
            [
              100.91515153742434,
              13.278239616346717
            ],
            [
              100.9152524266773,
              13.278438201040574
            ],
            [
              100.91535826134592,
              13.278634300718192
            ],
            [
              100.91546897768616,
              13.278827797249267
            ],
            [
              100.91558450901275,
              13.279018574071443
            ],
            [
              100.91570478573936,
              13.279206516260507
            ],
            [
              100.9158297354205,
              13.279391510599662
            ],
            [
              100.91595928279516,
              13.279573445647717
            ],
            [
              100.91609334983211,
              13.279752211806255
            ],
            [
              100.9162318557769,
              13.279927701385649
            ],
            [
              100.91637471720054,
              13.280099808669974
            ],
            [
              100.91652184804965,
              13.280268429980678
            ],
            [
              100.91667315969843,
              13.280433463739065
            ],
            [
              100.91682856100192,
              13.280594810527504
            ],
            [
              100.91698795835097,
              13.280752373149326
            ],
            [
              100.91715125572863,
              13.280906056687392
            ],
            [
              100.91731835476794,
              13.281055768561274
            ],
            [
              100.91748915481129,
              13.281201418583068
            ],
            [
              100.91766355297091,
              13.281342919011708
            ],
            [
              100.91784144419103,
              13.281480184605845
            ],
            [
              100.91802272131099,
              13.281613132675208
            ],
            [
              100.91820727512997,
              13.281741683130441
            ],
            [
              100.9183949944727,
              13.28186575853134
            ],
            [
              100.91858576625643,
              13.281985284133535
            ],
            [
              100.91877947555913,
              13.282100187933521
            ],
            [
              100.91897600568866,
              13.282210400712032
            ],
            [
              100.91917523825315,
              13.282315856075764
            ],
            [
              100.91937705323225,
              13.282416490497388
            ],
            [
              100.91958132904959,
              13.282512243353798
            ],
            [
              100.91978794264588,
              13.282603056962678
            ],
            [
              100.91999676955318,
              13.282688876617218
            ],
            [
              100.92020768396983,
              13.282769650619112
            ],
            [
              100.92042055883634,
              13.282845330309696
            ],
            [
              100.92063526591184,
              13.28291587009925
            ],
            [
              100.92085167585147,
              13.2829812274945
            ],
            [
              100.92106965828425,
              13.283041363124179
            ],
            [
              100.92128908189171,
              13.283096240762797
            ],
            [
              100.92150981448695,
              13.283145827352437
            ],
            [
              100.92173172309433,
              13.283190093022654
            ],
            [
              100.92195467402965,
              13.283229011108519
            ],
            [
              100.92217853298062,
              13.283262558166653
            ],
            [
              100.92240316508793,
              13.28329071398935
            ],
            [
              100.92262843502635,
              13.283313461616752
            ],
            [
              100.92285420708644,
              13.283330787347072
            ],
            [
              100.92308034525627,
              13.283342680744854
            ],
            [
              100.92330671330333,
              13.283349134647217
            ],
            [
              100.92353317485676,
              13.28335014516822
            ],
            [
              100.92375959348935,
              13.283345711701159
            ],
            [
              100.92398583279997,
              13.283335836918944
            ],
            [
              100.9242117564956,
              13.28332052677248
            ],
            [
              100.92443722847351,
              13.283299790487083
            ],
            [
              100.92466211290332,
              13.283273640556896
            ],
            [
              100.92488627430883,
              13.283242092737387
            ],
            [
              100.92510957764962,
              13.283205166035813
            ],
            [
              100.92533188840248,
              13.283162882699788
            ],
            [
              100.92555307264249,
              13.28311526820386
            ],
            [
              100.92577299712362,
              13.28306235123415
            ],
            [
              100.92599152935915,
              13.283004163671086
            ],
            [
              100.92620853770141,
              13.282940740570147
            ],
            [
              100.92642389142121,
              13.282872120140768
            ],
            [
              100.92663746078648,
              13.28279834372329
            ],
            [
              100.92684911714053,
              13.282719455764063
            ],
            [
              100.9270587329796,
              13.282635503788626
            ],
            [
              100.9272661820296,
              13.282546538373106
            ],
            [
              100.92747133932222,
              13.282452613113701
            ],
            [
              100.92767408127034,
              13.282353784594399
            ],
            [
              100.9278742857423,
              13.282250112352866
            ],
            [
              100.92807183213563,
              13.282141658844587
            ],
            [
              100.92826660144966,
              13.282028489405189
            ],
            [
              100.92845847635726,
              13.28191067221111
            ],
            [
              100.92864734127542,
              13.281788278238485
            ],
            [
              100.92883308243502,
              13.281661381220385
            ],
            [
              100.92901558794928,
              13.281530057602394
            ],
            [
              100.92919474788118,
              13.281394386496519
            ],
            [
              100.92937045430973,
              13.281254449633547
            ],
            [
              100.92954260139493,
              13.281110331313766
            ],
            [
              100.92971108544151,
              13.280962118356188
            ],
            [
              100.9298758049615,
              13.28080990004623
            ],
            [
              100.93003666073525,
              13.280653768081905
            ],
            [
              100.93019355587124,
              13.280493816518586
            ],
            [
              100.9303463958644,
              13.280330141712307
            ],
            [
              100.93049508865313,
              13.28016284226173
            ],
            [
              100.93063954467463,
              13.279992018948729
            ],
            [
              100.93077967691889,
              13.279817774677646
            ],
            [
              100.9309154009811,
              13.279640214413327
            ],
            [
              100.93104663511247,
              13.279459445117837
            ],
            [
              100.93117330026942,
              13.279275575686048
            ],
            [
              100.93129532016127,
              13.279088716880015
            ],
            [
              100.93141262129608,
              13.278898981262241
            ],
            [
              100.93152513302488,
              13.278706483127857
            ],
            [
              100.93163278758435,
              13.27851133843579
            ],
            [
              100.93173552013751,
              13.278313664738857
            ],
            [
              100.93183326881268,
              13.27811358111297
            ],
            [
              100.93192597474092,
              13.277911208085408
            ],
            [
              100.9320135820913,
              13.277706667562171
            ],
            [
              100.93209603810453,
              13.277500082754564
            ],
            [
              100.93217329312479,
              13.27729157810498
            ],
            [
              100.9322453006295,
              13.277081279211894
            ],
            [
              100.93231201725743,
              13.276869312754236
            ],
            [
              100.93237340283467,
              13.276655806415066
            ],
            [
              100.93242942039888,
              13.276440888804641
            ],
            [
              100.93248003622148,
              13.276224689382975
            ],
            [
              100.93252521982795,
              13.276007338381818
            ],
            [
              100.93256494401615,
              13.275788966726223
            ],
            [
              100.93259918487267,
              13.275569705955677
            ],
            [
              100.93262792178717,
              13.275349688144866
            ],
            [
              100.93265113746483,
              13.275129045824125
            ],
            [
              100.9326688179366,
              13.274907911899579
            ],
            [
              100.93268095256778,
              13.27468641957313
            ],
            [
              100.93268753406416,
              13.274464702262183
            ],
            [
              100.93268855847654,
              13.274242893519306
            ]
          ]
        ]
      },
      "properties": {
        "ชื่อร้าน": "Mr.Bao MALATANG",
        "ประเภท": "ชั่งขีด",
        "แหล่งท่องเที่ยว_500m": "ตลาด Wanna Park",
        "แหล่งท่องเที่ยว_1000m": "หาดวอนนภา, สะพานปลาหาดวอนนภา",
        "buffer_m": 1000
      }
    },
    {
      "type": "Feature",
      "geometry": {
        "type": "Polygon",
        "coordinates": [
          [
            [
              100.93294383098218,
              13.273551427843607
            ],
            [
              100.93293929758005,
              13.27332966129933
            ],
            [
              100.9329292092544,
              13.273108070515335
            ],
            [
              100.93291357209692,
              13.272886788966895
            ],
            [
              100.93289239554159,
              13.272665949942695
            ],
            [
              100.93286569235883,
              13.272445686464502
            ],
            [
              100.93283347864788,
              13.272226131207077
            ],
            [
              100.93279577382701,
              13.272007416418253
            ],
            [
              100.9327526006218,
              13.271789673839292
            ],
            [
              100.93270398505139,
              13.27157303462553
            ],
            [
              100.93264995641286,
              13.271357629267392
            ],
            [
              100.93259054726349,
              13.271143587511794
            ],
            [
              100.93252579340107,
              13.27093103828402
            ],
            [
              100.93245573384243,
              13.270720109610041
            ],
            [
              100.93238041079982,
              13.270510928539448
            ],
            [
              100.93229986965548,
              13.27030362106891
            ],
            [
              100.93221415893427,
              13.270098312066308
            ],
            [
              100.93212333027444,
              13.269895125195525
            ],
            [
              100.93202743839649,
              13.26969418284198
            ],
            [
              100.9319265410702,
              13.26949560603892
            ],
            [
              100.93182069907975,
              13.269299514394522
            ],
            [
              100.93170997618718,
              13.269106026019884
            ],
            [
              100.9315944390939,
              13.268915257457872
            ],
            [
              100.93147415740054,
              13.268727323612959
            ],
            [
              100.93134920356499,
              13.268542337682009
            ],
            [
              100.93121965285872,
              13.268360411086118
            ],
            [
              100.93108558332146,
              13.268181653403525
            ],
            [
              100.9309470757142,
              13.268006172303606
            ],
            [
              100.93080421347051,
              13.267834073482051
            ],
            [
              100.93065708264625,
              13.267665460597208
            ],
            [
              100.9305057718678,
              13.267500435207669
            ],
            [
              100.93035037227864,
              13.267339096711092
            ],
            [
              100.93019097748441,
              13.26718154228438
            ],
            [
              100.93002768349663,
              13.267027866825131
            ],
            [
              100.92986058867474,
              13.266878162894512
            ],
            [
              100.92968979366697,
              13.266732520661504
            ],
            [
              100.92951540134963,
              13.266591027848632
            ],
            [
              100.9293375167653,
              13.266453769679101
            ],
            [
              100.92915624705934,
              13.266320828825526
            ],
            [
              100.92897170141556,
              13.266192285360106
            ],
            [
              100.9287839909904,
              13.266068216706422
            ],
            [
              100.92859322884597,
              13.265948697592828
            ],
            [
              100.928399529882,
              13.265833800007426
            ],
            [
              100.9282030107666,
              13.265723593154753
            ],
            [
              100.92800378986605,
              13.265618143414063
            ],
            [
              100.92780198717351,
              13.265517514299384
            ],
            [
              100.92759772423679,
              13.265421766421278
            ],
            [
              100.92739112408508,
              13.265330957450317
            ],
            [
              100.92718231115495,
              13.265245142082367
            ],
            [
              100.92697141121539,
              13.265164372005668
            ],
            [
              100.9267585512921,
              13.265088695869677
            ],
            [
              100.92654385959096,
              13.26501815925579
            ],
            [
              100.9263274654209,
              13.264952804649894
            ],
            [
              100.92610949911597,
              13.264892671416776
            ],
            [
              100.9258900919569,
              13.26483779577641
            ],
            [
              100.92566937609209,
              13.264788210782164
            ],
            [
              100.92544748445799,
              13.264743946300875
            ],
            [
              100.92522455069906,
              13.26470502899487
            ],
            [
              100.92500070908731,
              13.26467148230591
            ],
            [
              100.92477609444155,
              13.26464332644106
            ],
            [
              100.92455084204603,
              13.264620578360537
            ],
            [
              100.92432508756914,
              13.264603251767465
            ],
            [
              100.92409896698165,
              13.264591357099654
            ],
            [
              100.92387261647491,
              13.264584901523278
            ],
            [
              100.92364617237874,
              13.264583888928575
            ],
            [
              100.92341977107947,
              13.264588319927496
            ],
            [
              100.92319354893773,
              13.264598191853324
            ],
            [
              100.92296764220643,
              13.264613498762289
            ],
            [
              100.92274218694861,
              13.264634231437128
            ],
            [
              100.92251731895563,
              13.26466037739263
            ],
            [
              100.92229317366535,
              13.264691920883166
            ],
            [
              100.92206988608056,
              13.264728842912145
            ],
            [
              100.9218475906878,
              13.26477112124345
            ],
            [
              100.92162642137623,
              13.264818730414834
            ],
            [
              100.92140651135713,
              13.264871641753237
            ],
            [
              100.92118799308365,
              13.264929823392041
            ],
            [
              100.92097099817101,
              13.264993240290266
            ],
            [
              100.92075565731739,
              13.265061854253657
            ],
            [
              100.92054210022502,
              13.265135623957672
            ],
            [
              100.92033045552226,
              13.26521450497237
            ],
            [
              100.92012085068608,
              13.265298449789153
            ],
            [
              100.91991341196525,
              13.26538740784937
            ],
            [
              100.9197082643044,
              13.265481325574758
            ],
            [
              100.9195055312687,
              13.265580146399678
            ],
            [
              100.91930533496951,
              13.265683810805225
            ],
            [
              100.91910779599083,
              13.265792256354999
            ],
            [
              100.91891303331664,
              13.265905417732734
            ],
            [
              100.91872116425927,
              13.26602322678163
            ],
            [
              100.91853230438876,
              13.266145612545351
            ],
            [
              100.91834656746329,
              13.266272501310802
            ],
            [
              100.91816406536056,
              13.266403816652463
            ],
            [
              100.91798490801047,
              13.266539479478446
            ],
            [
              100.91780920332894,
              13.2666794080781
            ],
            [
              100.91763705715289,
              13.2668235181712
            ],
            [
              100.91746857317645,
              13.26697172295873
            ],
            [
              100.91730385288852,
              13.267123933175116
            ],
            [
              100.91714299551168,
              13.267280057141999
            ],
            [
              100.91698609794234,
              13.267440000823434
            ],
            [
              100.91683325469243,
              13.267603667882518
            ],
            [
              100.91668455783245,
              13.267770959739392
            ],
            [
              100.916540096936,
              13.267941775630625
            ],
            [
              100.9163999590258,
              13.268116012669877
            ],
            [
              100.91626422852124,
              13.26829356590986
            ],
            [
              100.91613298718761,
              13.268474328405542
            ],
            [
              100.91600631408672,
              13.268658191278561
            ],
            [
              100.9158842855293,
              13.268845043782763
            ],
            [
              100.91576697502907,
              13.269034773370938
            ],
            [
              100.91565445325834,
              13.269227265762577
            ],
            [
              100.91554678800549,
              13.269422405012683
            ],
            [
              100.91544404413409,
              13.26962007358164
            ],
            [
              100.91534628354381,
              13.269820152405964
            ],
            [
              100.9152535651331,
              13.27002252097003
            ],
            [
              100.9151659447637,
              13.270227057378651
            ],
            [
              100.91508347522694,
              13.270433638430498
            ],
            [
              100.91500620621191,
              13.270642139692292
            ],
            [
              100.91493418427557,
              13.270852435573765
            ],
            [
              100.91486745281456,
              13.271064399403288
            ],
            [
              100.91480605203911,
              13.271277903504176
            ],
            [
              100.91475001894875,
              13.271492819271586
            ],
            [
              100.91469938731002,
              13.271709017249986
            ],
            [
              100.91465418763607,
              13.271926367211115
            ],
            [
              100.91461444716825,
              13.272144738232445
            ],
            [
              100.91458018985963,
              13.272363998776017
            ],
            [
              100.91455143636065,
              13.272584016767699
            ],
            [
              100.91452820400652,
              13.272804659676718
            ],
            [
              100.91451050680675,
              13.27302579459551
            ],
            [
              100.91449835543679,
              13.273247288319778
            ],
            [
              100.91449175723145,
              13.273469007428716
            ],
            [
              100.91449071618047,
              13.273690818365397
            ],
            [
              100.91449523292611,
              13.273912587517213
            ],
            [
              100.9145053047627,
              13.274134181296377
            ],
            [
              100.91452092563821,
              13.274355466220387
            ],
            [
              100.91454208615798,
              13.274576308992438
            ],
            [
              100.91456877359015,
              13.274796576581736
            ],
            [
              100.91460097187344,
              13.2750161363036
            ],
            [
              100.91463866162678,
              13.275234855899454
            ],
            [
              100.91468182016088,
              13.275452603616452
            ],
            [
              100.9147304214919,
              13.275669248286883
            ],
            [
              100.91478443635711,
              13.27588465940717
            ],
            [
              100.9148438322324,
              13.27609870721652
            ],
            [
              100.91490857335194,
              13.276311262775069
            ],
            [
              100.91497862072961,
              13.276522198041583
            ],
            [
              100.91505393218253,
              13.276731385950601
            ],
            [
              100.91513446235635,
              13.276938700488973
            ],
            [
              100.91522016275263,
              13.277144016771796
            ],
            [
              100.91531098175803,
              13.277347211117645
            ],
            [
              100.91540686467526,
              13.27754816112309
            ],
            [
              100.9155077537562,
              13.277746745736454
            ],
            [
              100.91561358823647,
              13.277942845330742
            ],
            [
              100.91572430437213,
              13.278136341775705
            ],
            [
              100.91583983547807,
              13.278327118509035
            ],
            [
              100.91596011196806,
              13.278515060606576
            ],
            [
              100.91608506139679,
              13.27870005485158
            ],
            [
              100.91621460850337,
              13.27888198980292
            ],
            [
              100.91634867525673,
              13.279060755862231
            ],
            [
              100.9164871809026,
              13.279236245339957
            ],
            [
              100.91663004201217,
              13.279408352520221
            ],
            [
              100.91677717253226,
              13.279576973724543
            ],
            [
              100.91692848383725,
              13.279742007374288
            ],
            [
              100.91708388478239,
              13.279903354051891
            ],
            [
              100.91724328175876,
              13.280060916560753
            ],
            [
              100.9174065787496,
              13.280214599983795
            ],
            [
              100.91757367738825,
              13.280364311740675
            ],
            [
              100.91774447701724,
              13.28050996164354
            ],
            [
              100.91791887474915,
              13.28065146195141
            ],
            [
              100.91809676552836,
              13.280788727423003
            ],
            [
              100.91827804219459,
              13.280921675368129
            ],
            [
              100.91846259554724,
              13.281050225697497
            ],
            [
              100.91865031441132,
              13.281174300970989
            ],
            [
              100.91884108570437,
              13.281293826444305
            ],
            [
              100.91903479450467,
              13.281408730114022
            ],
            [
              100.91923132412035,
              13.281518942760952
            ],
            [
              100.91943055615987,
              13.281624397991873
            ],
            [
              100.91963237060321,
              13.281725032279532
            ],
            [
              100.91983664587428,
              13.281820785000907
            ],
            [
              100.92004325891418,
              13.28191159847376
            ],
            [
              100.92025208525524,
              13.28199741799137
            ],
            [
              100.9204629990962,
              13.282078191855511
            ],
            [
              100.92067587337787,
              13.2821538714076
            ],
            [
              100.92089057985979,
              13.282224411058007
            ],
            [
              100.92110698919741,
              13.282289768313532
            ],
            [
              100.92132497102013,
              13.282349903803008
            ],
            [
              100.92154439400983,
              13.282404781301016
            ],
            [
              100.92176512597999,
              13.282454367749727
            ],
            [
              100.92198703395538,
              13.282498633278784
            ],
            [
              100.92220998425212,
              13.282537551223347
            ],
            [
              100.92243384255839,
              13.282571098140114
            ],
            [
              100.92265847401517,
              13.282599253821468
            ],
            [
              100.92288374329772,
              13.28262200130764
            ],
            [
              100.9231095146969,
              13.282639326896929
            ],
            [
              100.92333565220126,
              13.282651220153955
            ],
            [
              100.92356201957867,
              13.282657673915931
            ],
            [
              100.92378848045861,
              13.282658684297
            ],
            [
              100.92401489841438,
              13.282654250690536
            ],
            [
              100.9242411370452,
              13.282644375769543
            ],
            [
              100.92446706005845,
              13.282629065485
            ],
            [
              100.92469253135185,
              13.28260832906231
            ],
            [
              100.92491741509541,
              13.282582178995709
            ],
            [
              100.92514157581334,
              13.282550631040731
            ],
            [
              100.92536487846564,
              13.282513704204723
            ],
            [
              100.92558718852955,
              13.282471420735382
            ],
            [
              100.92580837208048,
              13.28242380610733
            ],
            [
              100.92602829587291,
              13.282370889006778
            ],
            [
              100.92624682742048,
              13.282312701314218
            ],
            [
              100.92646383507598,
              13.282249278085223
            ],
            [
              100.92667918811058,
              13.282180657529288
            ],
            [
              100.92689275679265,
              13.28210688098685
            ],
            [
              100.92710441246592,
              13.282027992904316
            ],
            [
              100.92731402762703,
              13.281944040807314
            ],
            [
              100.9275214760023,
              13.281855075272034
            ],
            [
              100.92772663262386,
              13.281761149894749
            ],
            [
              100.92792937390493,
              13.281662321259521
            ],
            [
              100.92812957771429,
              13.281558648904083
            ],
            [
              100.92832712344988,
              13.281450195283986
            ],
            [
              100.92852189211142,
              13.281337025734926
            ],
            [
              100.92871376637214,
              13.281219208433406
            ],
            [
              100.92890263064947,
              13.28109681435563
            ],
            [
              100.92908837117466,
              13.28096991723473
            ],
            [
              100.92927087606128,
              13.280838593516352
            ],
            [
              100.92945003537274,
              13.28070292231256
            ],
            [
              100.9296257411884,
              13.280562985354198
            ],
            [
              100.92979788766861,
              13.280418866941618
            ],
            [
              100.92996637111851,
              13.280270653893885
            ],
            [
              100.93013109005045,
              13.280118435496473
            ],
            [
              100.93029194524514,
              13.279962303447437
            ],
            [
              100.93044883981143,
              13.279802351802207
            ],
            [
              100.93060167924459,
              13.279638676916868
            ],
            [
              100.93075037148334,
              13.27947137739013
            ],
            [
              100.93089482696521,
              13.279300554003905
            ],
            [
              100.93103495868056,
              13.279126309662589
            ],
            [
              100.93117068222483,
              13.278948749331057
            ],
            [
              100.93130191584959,
              13.278767979971429
            ],
            [
              100.93142858051156,
              13.278584110478603
            ],
            [
              100.93155059992034,
              13.278397251614674
            ],
            [
              100.93166790058427,
              13.27820751594218
            ],
            [
              100.93178041185472,
              13.278015017756289
            ],
            [
              100.93188806596861,
              13.277819873015952
            ],
            [
              100.93199079808919,
              13.277622199274017
            ],
            [
              100.93208854634511,
              13.277422115606424
            ],
            [
              100.93218125186766,
              13.277219742540472
            ],
            [
              100.93226885882612,
              13.277015201982183
            ],
            [
              100.93235131446149,
              13.276808617142898
            ],
            [
              100.93242856911812,
              13.276600112465005
            ],
            [
              100.93250057627368,
              13.276389813547013
            ],
            [
              100.93256729256714,
              13.276177847067858
            ],
            [
              100.93262867782482,
              13.275964340710617
            ],
            [
              100.93268469508453,
              13.27574942308556
            ],
            [
              100.9327353106179,
              13.275533223652703
            ],
            [
              100.93278049395059,
              13.275315872643802
            ],
            [
              100.93282021788059,
              13.275097500983916
            ],
            [
              100.93285445849466,
              13.274878240212537
            ],
            [
              100.93288319518263,
              13.274658222404351
            ],
            [
              100.93290641064976,
              13.274437580089684
            ],
            [
              100.9329240909272,
              13.274216446174668
            ],
            [
              100.9329362253803,
              13.273994953861191
            ],
            [
              100.93294280671499,
              13.27377323656665
            ],
            [
              100.93294383098218,
              13.273551427843607
            ]
          ]
        ]
      },
      "properties": {
        "ชื่อร้าน": "Dragon Shabu Mala",
        "ประเภท": "ชั่งขีด",
        "แหล่งท่องเที่ยว_500m": "หาดวอนนภา, ตลาด Wanna Park",
        "แหล่งท่องเที่ยว_1000m": "สะพานปลาหาดวอนนภา",
        "buffer_m": 1000
      }
    },
    {
      "type": "Feature",
      "geometry": {
        "type": "Polygon",
        "coordinates": [
          [
            [
              100.93333007507043,
              13.272125971215916
            ],
            [
              100.93332554152998,
              13.271904204699643
            ],
            [
              100.93331545309977,
              13.27168261394762
            ],
            [
              100.93329981587158,
              13.271461332435095
            ],
            [
              100.9332786392794,
              13.271240493450733
            ],
            [
              100.9332519360937,
              13.271020230016276
            ],
            [
              100.93321972241368,
              13.270800674806457
            ],
            [
              100.93318201765763,
              13.270581960069086
            ],
            [
              100.93313884455104,
              13.270364217545387
            ],
            [
              100.93309022911305,
              13.270147578390665
            ],
            [
              100.93303620064063,
              13.26993217309531
            ],
            [
              100.93297679169092,
              13.2697181314062
            ],
            [
              100.93291203806166,
              13.269505582248577
            ],
            [
              100.93284197876947,
              13.269294653648377
            ],
            [
              100.93276665602649,
              13.269085472655133
            ],
            [
              100.93268611521475,
              13.268878165265484
            ],
            [
              100.93260040485892,
              13.26867285634725
            ],
            [
              100.93250957659703,
              13.268469669564267
            ],
            [
              100.93241368514931,
              13.268268727301903
            ],
            [
              100.93231278828532,
              13.268070150593347
            ],
            [
              100.93220694678892,
              13.267874059046726
            ],
            [
              100.9320962244219,
              13.267680570773077
            ],
            [
              100.93198068788531,
              13.267489802315206
            ],
            [
              100.93186040677946,
              13.267301868577514
            ],
            [
              100.93173545356188,
              13.267116882756811
            ],
            [
              100.93160590350367,
              13.266934956274127
            ],
            [
              100.93147183464419,
              13.266756198707633
            ],
            [
              100.93133332774397,
              13.266580717726633
            ],
            [
              100.93119046623617,
              13.266408619026747
            ],
            [
              100.93104333617626,
              13.26624000626625
            ],
            [
              100.9308920261901,
              13.266074981003658
            ],
            [
              100.93073662742071,
              13.265913642636562
            ],
            [
              100.93057723347324,
              13.26575608834178
            ],
            [
              100.93041394035868,
              13.265602413016829
            ],
            [
              100.93024684643596,
              13.2654527092228
            ],
            [
              100.93007605235276,
              13.265307067128598
            ],
            [
              100.92990166098487,
              13.265165574456656
            ],
            [
              100.92972377737422,
              13.265028316430099
            ],
            [
              100.92954250866565,
              13.264895375721458
            ],
            [
              100.92935796404238,
              13.264766832402842
            ],
            [
              100.92917025466018,
              13.264642763897745
            ],
            [
              100.92897949358057,
              13.264523244934436
            ],
            [
              100.92878579570261,
              13.264408347500927
            ],
            [
              100.92858927769377,
              13.26429814080166
            ],
            [
              100.92839005791967,
              13.2641926912158
            ],
            [
              100.9281882563728,
              13.264092062257289
            ],
            [
              100.92798399460025,
              13.263996314536584
            ],
            [
              100.92777739563054,
              13.263905505724164
            ],
            [
              100.92756858389951,
              13.263819690515813
            ],
            [
              100.92735768517547,
              13.263738920599668
            ],
            [
              100.92714482648331,
              13.263663244625091
            ],
            [
              100.92693013602823,
              13.263592708173377
            ],
            [
              100.9267137431184,
              13.26352735373032
            ],
            [
              100.9264957780871,
              13.263467220660612
            ],
            [
              100.9262763722143,
              13.263412345184125
            ],
            [
              100.92605565764764,
              13.263362760354129
            ],
            [
              100.92583376732276,
              13.26331849603737
            ],
            [
              100.92561083488336,
              13.26327957889607
            ],
            [
              100.92538699460066,
              13.26324603237189
            ],
            [
              100.92516238129264,
              13.263217876671803
            ],
            [
              100.92493713024275,
              13.26319512875592
            ],
            [
              100.92471137711861,
              13.263177802327274
            ],
            [
              100.92448525789014,
              13.26316590782357
            ],
            [
              100.92425890874787,
              13.263159452410887
            ],
            [
              100.92403246602085,
              13.26315843997937
            ],
            [
              100.92380606609453,
              13.263162871140858
            ],
            [
              100.92357984532873,
              13.26317274322855
            ],
            [
              100.92335393997556,
              13.26318805029857
            ],
            [
              100.92312848609718,
              13.263208783133566
            ],
            [
              100.92290361948417,
              13.263234929248224
            ],
            [
              100.92267947557355,
              13.263266472896825
            ],
            [
              100.92245618936727,
              13.263303395082678
            ],
            [
              100.92223389535104,
              13.263345673569573
            ],
            [
              100.9220127274132,
              13.263393282895173
            ],
            [
              100.92179281876419,
              13.263446194386319
            ],
            [
              100.92157430185635,
              13.263504376176309
            ],
            [
              100.9213573083041,
              13.263567793224064
            ],
            [
              100.92114196880475,
              13.263636407335241
            ],
            [
              100.92092841305974,
              13.263710177185215
            ],
            [
              100.92071676969667,
              13.263789058343946
            ],
            [
              100.92050716619161,
              13.263873003302757
            ],
            [
              100.9202997287926,
              13.263961961502911
            ],
            [
              100.92009458244345,
              13.264055879366056
            ],
            [
              100.91989185070857,
              13.264154700326477
            ],
            [
              100.91969165569849,
              13.26425836486518
            ],
            [
              100.91949411799646,
              13.264366810545683
            ],
            [
              100.9192993565857,
              13.264479972051648
            ],
            [
              100.91910748877777,
              13.26459778122619
            ],
            [
              100.91891863014197,
              13.264720167112904
            ],
            [
              100.9187328944357,
              13.264847055998617
            ],
            [
              100.91855039353595,
              13.264978371457735
            ],
            [
              100.91837123737194,
              13.265114034398298
            ],
            [
              100.91819553385884,
              13.265253963109586
            ],
            [
              100.91802338883284,
              13.26539807331131
            ],
            [
              100.9178549059874,
              13.265546278204381
            ],
            [
              100.91769018681076,
              13.265698488523164
            ],
            [
              100.91752933052477,
              13.265854612589242
            ],
            [
              100.91737243402525,
              13.266014556366605
            ],
            [
              100.91721959182347,
              13.266178223518288
            ],
            [
              100.9170708959893,
              13.266345515464382
            ],
            [
              100.91692643609571,
              13.266516331441395
            ],
            [
              100.91678629916478,
              13.266690568562938
            ],
            [
              100.91665056961538,
              13.266868121881672
            ],
            [
              100.9165193292122,
              13.267048884452523
            ],
            [
              100.91639265701646,
              13.267232747397069
            ],
            [
              100.9162706293384,
              13.267419599969125
            ],
            [
              100.91615331969113,
              13.267609329621434
            ],
            [
              100.91604079874654,
              13.26780182207344
            ],
            [
              100.91593313429244,
              13.267996961380126
            ],
            [
              100.91583039119195,
              13.268194630001826
            ],
            [
              100.91573263134427,
              13.26839470887503
            ],
            [
              100.9156399136474,
              13.268597077484083
            ],
            [
              100.91555229396265,
              13.268801613933764
            ],
            [
              100.91546982508092,
              13.269008195022721
            ],
            [
              100.91539255669095,
              13.269216696317658
            ],
            [
              100.91532053534927,
              13.269426992228277
            ],
            [
              100.91525380445219,
              13.26963895608294
            ],
            [
              100.9151924042096,
              13.26985246020494
            ],
            [
              100.9151363716207,
              13.270067375989422
            ],
            [
              100.91508574045173,
              13.27028357398084
            ],
            [
              100.91504054121553,
              13.270500923950932
            ],
            [
              100.91500080115323,
              13.27071929497715
            ],
            [
              100.91496654421762,
              13.270938555521548
            ],
            [
              100.91493779105893,
              13.271158573509977
            ],
            [
              100.91491455901213,
              13.27137921641168
            ],
            [
              100.91489686208662,
              13.271600351319094
            ],
            [
              100.91488471095762,
              13.271821845027919
            ],
            [
              100.9148781129598,
              13.272043564117363
            ],
            [
              100.91487707208279,
              13.272265375030509
            ],
            [
              100.91488158896873,
              13.272487144154768
            ],
            [
              100.91489166091185,
              13.272708737902361
            ],
            [
              100.91490728186012,
              13.272930022790812
            ],
            [
              100.91492844241874,
              13.27315086552334
            ],
            [
              100.9149551298559,
              13.273371133069155
            ],
            [
              100.91498732811029,
              13.273590692743628
            ],
            [
              100.91502501780083,
              13.273809412288193
            ],
            [
              100.9150681762383,
              13.27402715995004
            ],
            [
              100.91511677743891,
              13.274243804561491
            ],
            [
              100.91517079213999,
              13.274459215619014
            ],
            [
              100.91523018781754,
              13.274673263361837
            ],
            [
              100.91529492870586,
              13.274885818850146
            ],
            [
              100.91536497581895,
              13.275096754042751
            ],
            [
              100.91544028697407,
              13.275305941874231
            ],
            [
              100.9155208168171,
              13.275513256331484
            ],
            [
              100.91560651684975,
              13.275718572529653
            ],
            [
              100.91569733545889,
              13.275921766787366
            ],
            [
              100.91579321794754,
              13.276122716701254
            ],
            [
              100.91589410656776,
              13.276321301219689
            ],
            [
              100.91599994055548,
              13.276517400715731
            ],
            [
              100.91611065616705,
              13.276710897059194
            ],
            [
              100.91622618671767,
              13.276901673687833
            ],
            [
              100.91634646262146,
              13.27708961567755
            ],
            [
              100.91647141143343,
              13.277274609811666
            ],
            [
              100.91660095789308,
              13.277456544649127
            ],
            [
              100.91673502396975,
              13.277635310591629
            ],
            [
              100.91687352890955,
              13.27781079994969
            ],
            [
              100.9170163892841,
              13.277982907007505
            ],
            [
              100.91716351904064,
              13.278151528086667
            ],
            [
              100.91731482955404,
              13.278316561608623
            ],
            [
              100.91747022968002,
              13.27847790815588
            ],
            [
              100.91762962581015,
              13.278635470531917
            ],
            [
              100.9177929219282,
              13.278789153819748
            ],
            [
              100.91796001966796,
              13.278938865439097
            ],
            [
              100.9181308183726,
              13.279084515202202
            ],
            [
              100.91830521515519,
              13.279226015368176
            ],
            [
              100.91848310496073,
              13.279363280695804
            ],
            [
              100.91866438062948,
              13.279496228494997
            ],
            [
              100.91884893296147,
              13.279624778676554
            ],
            [
              100.9190366507823,
              13.279748853800443
            ],
            [
              100.91922742101016,
              13.279868379122458
            ],
            [
              100.91942112872397,
              13.279983282639263
            ],
            [
              100.91961765723251,
              13.280093495131768
            ],
            [
              100.91981688814491,
              13.280198950206842
            ],
            [
              100.92001870144183,
              13.280299584337323
            ],
            [
              100.92022297554787,
              13.280395336900295
            ],
            [
              100.92042958740483,
              13.280486150213607
            ],
            [
              100.92063841254577,
              13.280571969570643
            ],
            [
              100.92084932517012,
              13.280652743273267
            ],
            [
              100.92106219821946,
              13.280728422662996
            ],
            [
              100.92127690345404,
              13.280798962150302
            ],
            [
              100.92149331153007,
              13.280864319242081
            ],
            [
              100.92171129207775,
              13.280924454567266
            ],
            [
              100.92193071377967,
              13.280979331900541
            ],
            [
              100.92215144445015,
              13.281028918184166
            ],
            [
              100.92237335111469,
              13.281073183547905
            ],
            [
              100.92259630009023,
              13.281112101326995
            ],
            [
              100.92282015706573,
              13.28114564807825
            ],
            [
              100.92304478718299,
              13.281173803594145
            ],
            [
              100.92327005511805,
              13.281196550915016
            ],
            [
              100.92349582516266,
              13.281213876339264
            ],
            [
              100.92372196130607,
              13.281225769431604
            ],
            [
              100.92394832731706,
              13.281232223029352
            ],
            [
              100.92417478682592,
              13.281233233246747
            ],
            [
              100.92440120340676,
              13.281228799477264
            ],
            [
              100.92462744065962,
              13.281218924394004
            ],
            [
              100.92485336229275,
              13.281203613948051
            ],
            [
              100.92507883220466,
              13.281182877364898
            ],
            [
              100.92530371456623,
              13.281156727138876
            ],
            [
              100.92552787390247,
              13.281125179025622
            ],
            [
              100.92575117517426,
              13.281088252032577
            ],
            [
              100.92597348385962,
              13.281045968407533
            ],
            [
              100.92619466603483,
              13.280998353625202
            ],
            [
              100.9264145884552,
              13.280945436371889
            ],
            [
              100.92663311863518,
              13.280887248528185
            ],
            [
              100.9268501249284,
              13.280823825149746
            ],
            [
              100.92706547660683,
              13.280755204446162
            ],
            [
              100.92727904393968,
              13.280681427757953
            ],
            [
              100.9274906982715,
              13.280602539531618
            ],
            [
              100.92770031209972,
              13.280518587292871
            ],
            [
              100.92790775915147,
              13.280429621617987
            ],
            [
              100.92811291445969,
              13.280335696103318
            ],
            [
              100.92831565443836,
              13.280236867333016
            ],
            [
              100.9285158569571,
              13.280133194844895
            ],
            [
              100.92871340141458,
              13.280024741094575
            ],
            [
              100.92890816881132,
              13.279911571417843
            ],
            [
              100.9291000418213,
              13.279793753991273
            ],
            [
              100.9292889048627,
              13.279671359791143
            ],
            [
              100.92947464416753,
              13.279544462550657
            ],
            [
              100.92965714785011,
              13.279413138715533
            ],
            [
              100.92983630597453,
              13.27927746739791
            ],
            [
              100.9300120106209,
              13.279137530328693
            ],
            [
              100.93018415595026,
              13.2789934118083
            ],
            [
              100.93035263826845,
              13.278845198655864
            ],
            [
              100.9305173560885,
              13.278692980156919
            ],
            [
              100.93067821019181,
              13.278536848009585
            ],
            [
              100.93083510368787,
              13.278376896269345
            ],
            [
              100.93098794207258,
              13.278213221292344
            ],
            [
              100.93113663328532,
              13.278045921677343
            ],
            [
              100.93128108776423,
              13.277875098206309
            ],
            [
              100.93142121850025,
              13.277700853783687
            ],
            [
              100.93155694108945,
              13.2775232933744
            ],
            [
              100.93168817378394,
              13.277342523940614
            ],
            [
              100.93181483754104,
              13.27715865437727
            ],
            [
              100.93193685607085,
              13.27697179544651
            ],
            [
              100.93205415588227,
              13.276782059710904
            ],
            [
              100.93216666632716,
              13.27658956146566
            ],
            [
              100.93227431964296,
              13.276394416669762
            ],
            [
              100.9323770509934,
              13.276196742876094
            ],
            [
              100.93247479850757,
              13.275996659160626
            ],
            [
              100.93256750331722,
              13.275794286050678
            ],
            [
              100.93265510959205,
              13.27558974545231
            ],
            [
              100.93273756457347,
              13.275383160576874
            ],
            [
              100.93281481860626,
              13.27517465586679
            ],
            [
              100.93288682516842,
              13.274964356920574
            ],
            [
              100.9329535408993,
              13.27475239041719
            ],
            [
              100.93301492562554,
              13.27453888403972
            ],
            [
              100.9330709423853,
              13.274323966398448
            ],
            [
              100.93312155745046,
              13.274107766953398
            ],
            [
              100.93316674034699,
              13.273890415936332
            ],
            [
              100.93320646387318,
              13.27367204427232
            ],
            [
              100.93324070411596,
              13.27345278350085
            ],
            [
              100.93326944046542,
              13.273232765696607
            ],
            [
              100.93329265562701,
              13.273012123389913
            ],
            [
              100.9333103356321,
              13.2727909894869
            ],
            [
              100.93332246984613,
              13.272569497189444
            ],
            [
              100.93332905097525,
              13.27234777991493
            ],
            [
              100.93333007507043,
              13.272125971215916
            ]
          ]
        ]
      },
      "properties": {
        "ชื่อร้าน": "เบสท์ซุป หม่าล่า",
        "ประเภท": "ชั่งขีด",
        "แหล่งท่องเที่ยว_500m": "หาดวอนนภา, ตลาด Wanna Park, สะพานปลาหาดวอนนภา",
        "แหล่งท่องเที่ยว_1000m": "ไม่มี",
        "buffer_m": 1000
      }
    },
    {
      "type": "Feature",
      "geometry": {
        "type": "Polygon",
        "coordinates": [
          [
            [
              100.93396598812801,
              13.269914189612772
            ],
            [
              100.93396145433995,
              13.269692423145198
            ],
            [
              100.93395136571465,
              13.269470832448803
            ],
            [
              100.93393572834403,
              13.269249550998829
            ],
            [
              100.93391455166214,
              13.269028712083877
            ],
            [
              100.93388784843953,
              13.268808448725657
            ],
            [
              100.9338556347754,
              13.268588893598864
            ],
            [
              100.93381793008798,
              13.268370178951242
            ],
            [
              100.93377475710281,
              13.268152436523975
            ],
            [
              100.93372614183889,
              13.267935797472298
            ],
            [
              100.93367211359309,
              13.267720392286547
            ],
            [
              100.93361270492244,
              13.267506350713537
            ],
            [
              100.93354795162446,
              13.267293801678425
            ],
            [
              100.93347789271563,
              13.267082873207084
            ],
            [
              100.93340257040781,
              13.266873692348971
            ],
            [
              100.93332203008278,
              13.266666385100638
            ],
            [
              100.9332363202649,
              13.266461076329826
            ],
            [
              100.93314549259189,
              13.26625788970028
            ],
            [
              100.93304960178365,
              13.266056947597274
            ],
            [
              100.93294870560928,
              13.2658583710539
            ],
            [
              100.9328428648523,
              13.265662279678196
            ],
            [
              100.93273214327398,
              13.265468791581084
            ],
            [
              100.93261660757497,
              13.265278023305271
            ],
            [
              100.93249632735501,
              13.26509008975505
            ],
            [
              100.93237137507111,
              13.264905104127118
            ],
            [
              100.93224182599383,
              13.264723177842388
            ],
            [
              100.93210775816189,
              13.264544420478913
            ],
            [
              100.93196925233526,
              13.264368939705877
            ],
            [
              100.93182639194643,
              13.264196841218777
            ],
            [
              100.93167926305016,
              13.264028228675757
            ],
            [
              100.93152795427166,
              13.263863203635205
            ],
            [
              100.93137255675317,
              13.26370186549458
            ],
            [
              100.93121316409913,
              13.263544311430564
            ],
            [
              100.93104987231972,
              13.26339063634054
            ],
            [
              100.93088277977309,
              13.263240932785454
            ],
            [
              100.93071198710608,
              13.263095290934066
            ],
            [
              100.9305375971936,
              13.262953798508665
            ],
            [
              100.93035971507676,
              13.26281654073224
            ],
            [
              100.93017844789945,
              13.262683600277164
            ],
            [
              100.92999390484397,
              13.262555057215387
            ],
            [
              100.92980619706519,
              13.262430988970271
            ],
            [
              100.92961543762361,
              13.262311470269907
            ],
            [
              100.92942174141734,
              13.262196573102162
            ],
            [
              100.92922522511283,
              13.262086366671316
            ],
            [
              100.9290260070747,
              13.261980917356375
            ],
            [
              100.92882420729435,
              13.261880288671119
            ],
            [
              100.92861994731784,
              13.261784541225843
            ],
            [
              100.92841335017259,
              13.261693732690862
            ],
            [
              100.92820454029335,
              13.261607917761795
            ],
            [
              100.92799364344731,
              13.261527148126602
            ],
            [
              100.92778078665825,
              13.261451472434487
            ],
            [
              100.92756609813021,
              13.261380936266582
            ],
            [
              100.9273497071702,
              13.261315582108498
            ],
            [
              100.92713174411033,
              13.261255449324759
            ],
            [
              100.9269123402294,
              13.261200574135074
            ],
            [
              100.92669162767382,
              13.261150989592538
            ],
            [
              100.92646973937805,
              13.261106725563721
            ],
            [
              100.92624680898454,
              13.261067808710678
            ],
            [
              100.92602297076333,
              13.261034262474892
            ],
            [
              100.9257983595311,
              13.261006107063169
            ],
            [
              100.92557311057011,
              13.260983359435444
            ],
            [
              100.92534735954666,
              13.260966033294578
            ],
            [
              100.92512124242947,
              13.260954139078105
            ],
            [
              100.92489489540776,
              13.260947683951928
            ],
            [
              100.9246684548093,
              13.260946671806021
            ],
            [
              100.9244420570183,
              13.26095110325206
            ],
            [
              100.92421583839331,
              13.26096097562306
            ],
            [
              100.92398993518505,
              13.260976282974989
            ],
            [
              100.9237644834545,
              13.26099701609031
            ],
            [
              100.92353961899092,
              13.261023162483557
            ],
            [
              100.92331547722999,
              13.261054706408828
            ],
            [
              100.92309219317245,
              13.261091628869277
            ],
            [
              100.92286990130263,
              13.261133907628528
            ],
            [
              100.92264873550764,
              13.26118151722407
            ],
            [
              100.92242882899663,
              13.261234428982595
            ],
            [
              100.92221031422064,
              13.26129261103723
            ],
            [
              100.92199332279277,
              13.261356028346746
            ],
            [
              100.92177798540912,
              13.261424642716632
            ],
            [
              100.92156443176985,
              13.26149841282211
            ],
            [
              100.92135279050125,
              13.261577294232993
            ],
            [
              100.92114318907817,
              13.261661239440445
            ],
            [
              100.92093575374737,
              13.261750197885574
            ],
            [
              100.92073060945143,
              13.261844115989886
            ],
            [
              100.92052787975352,
              13.261942937187529
            ],
            [
              100.92032768676297,
              13.26204660195935
            ],
            [
              100.9201301510618,
              13.262155047868736
            ],
            [
              100.91993539163201,
              13.262268209599211
            ],
            [
              100.91974352578399,
              13.262386018993746
            ],
            [
              100.91955466908584,
              13.262508405095806
            ],
            [
              100.91936893529382,
              13.262635294192087
            ],
            [
              100.91918643628377,
              13.26276660985687
            ],
            [
              100.91900728198372,
              13.262902272998073
            ],
            [
              100.91883158030778,
              13.263042201904845
            ],
            [
              100.91865943709102,
              13.263186312296783
            ],
            [
              100.9184909560258,
              13.263334517374686
            ],
            [
              100.91832623859929,
              13.263486727872799
            ],
            [
              100.9181653840323,
              13.263642852112604
            ],
            [
              100.91800848921962,
              13.263802796057973
            ],
            [
              100.91785564867146,
              13.263966463371853
            ],
            [
              100.91770695445673,
              13.264133755474225
            ],
            [
              100.91756249614743,
              13.264304571601512
            ],
            [
              100.91742236076468,
              13.26447880886722
            ],
            [
              100.9172866327264,
              13.264656362323931
            ],
            [
              100.91715539379638,
              13.264837125026478
            ],
            [
              100.91702872303496,
              13.265020988096373
            ],
            [
              100.91690669675151,
              13.265207840787342
            ],
            [
              100.91678938845831,
              13.26539757055206
            ],
            [
              100.91667686882639,
              13.265590063109903
            ],
            [
              100.91656920564284,
              13.26578520251578
            ],
            [
              100.91646646376996,
              13.265982871229971
            ],
            [
              100.91636870510622,
              13.266182950188906
            ],
            [
              100.91627598854892,
              13.266385318876878
            ],
            [
              100.91618836995868,
              13.266589855398621
            ],
            [
              100.91610590212572,
              13.266796436552736
            ],
            [
              100.91602863473815,
              13.267004937905883
            ],
            [
              100.91595661435193,
              13.267215233867729
            ],
            [
              100.91588988436276,
              13.267427197766603
            ],
            [
              100.91582848497997,
              13.267640701925771
            ],
            [
              100.91577245320228,
              13.26785561774036
            ],
            [
              100.91572182279539,
              13.268071815754794
            ],
            [
              100.91567662427175,
              13.268289165740805
            ],
            [
              100.91563688487197,
              13.268507536775827
            ],
            [
              100.91560262854851,
              13.268726797321913
            ],
            [
              100.9155738759512,
              13.268946815304915
            ],
            [
              100.91555064441467,
              13.269167458194065
            ],
            [
              100.915532947948,
              13.26938859308182
            ],
            [
              100.91552079722615,
              13.269610086763883
            ],
            [
              100.91551419958354,
              13.269831805819482
            ],
            [
              100.91551315900956,
              13.270053616691717
            ],
            [
              100.9155176761462,
              13.270275385768025
            ],
            [
              100.91552774828753,
              13.270496979460658
            ],
            [
              100.91554336938135,
              13.270718264287165
            ],
            [
              100.91556453003284,
              13.270939106950802
            ],
            [
              100.91559121751007,
              13.271159374420826
            ],
            [
              100.91562341575174,
              13.27137893401265
            ],
            [
              100.91566110537677,
              13.271597653467756
            ],
            [
              100.91570426369597,
              13.271815401033397
            ],
            [
              100.91575286472562,
              13.272032045541941
            ],
            [
              100.91580687920315,
              13.272247456489914
            ],
            [
              100.91586627460471,
              13.27246150411663
            ],
            [
              100.91593101516472,
              13.272674059482325
            ],
            [
              100.9160010618974,
              13.272884994545896
            ],
            [
              100.91607637262027,
              13.273094182241993
            ],
            [
              100.91615690197939,
              13.273301496557597
            ],
            [
              100.91624260147684,
              13.273506812607938
            ],
            [
              100.91633341949978,
              13.273710006711733
            ],
            [
              100.91642930135154,
              13.273910956465706
            ],
            [
              100.9165301892846,
              13.274109540818325
            ],
            [
              100.91663602253531,
              13.274305640142751
            ],
            [
              100.91674673736047,
              13.274499136308904
            ],
            [
              100.9168622670757,
              13.274689912754642
            ],
            [
              100.91698254209565,
              13.274877854555982
            ],
            [
              100.91710748997589,
              13.275062848496361
            ],
            [
              100.91723703545644,
              13.275244783134832
            ],
            [
              100.91737110050722,
              13.275423548873226
            ],
            [
              100.91750960437501,
              13.275599038022172
            ],
            [
              100.91765246363201,
              13.275771144866004
            ],
            [
              100.9177995922262,
              13.275939765726438
            ],
            [
              100.91795090153308,
              13.27610479902505
            ],
            [
              100.91810630040914,
              13.276266145344497
            ],
            [
              100.91826569524669,
              13.276423707488384
            ],
            [
              100.91842899003026,
              13.27657739053986
            ],
            [
              100.91859608639449,
              13.276727101918807
            ],
            [
              100.91876688368333,
              13.276872751437613
            ],
            [
              100.91894127901072,
              13.277014251355514
            ],
            [
              100.91911916732255,
              13.277151516431482
            ],
            [
              100.91930044145995,
              13.277284463975548
            ],
            [
              100.9194849922239,
              13.277413013898682
            ],
            [
              100.91967270844096,
              13.27753708876101
            ],
            [
              100.91986347703023,
              13.277656613818479
            ],
            [
              100.92005718307165,
              13.277771517067913
            ],
            [
              100.92025370987503,
              13.277881729290389
            ],
            [
              100.92045293905048,
              13.277987184092941
            ],
            [
              100.92065475057973,
              13.27808781794857
            ],
            [
              100.92085902288848,
              13.278183570234528
            ],
            [
              100.92106563291954,
              13.278274383268833
            ],
            [
              100.92127445620713,
              13.278360202345034
            ],
            [
              100.92148536695179,
              13.278440975765173
            ],
            [
              100.9216982380962,
              13.278516654870932
            ],
            [
              100.9219129414018,
              13.278587194072955
            ],
            [
              100.92212934752595,
              13.278652550878318
            ],
            [
              100.92234732610001,
              13.278712685916124
            ],
            [
              100.9225667458078,
              13.278767562961228
            ],
            [
              100.92278747446478,
              13.278817148956074
            ],
            [
              100.92300937909772,
              13.278861414030587
            ],
            [
              100.92323232602479,
              13.278900331520195
            ],
            [
              100.92345618093614,
              13.278933877981874
            ],
            [
              100.92368080897486,
              13.27896203320829
            ],
            [
              100.92390607481822,
              13.278984780239936
            ],
            [
              100.92413184275924,
              13.279002105375396
            ],
            [
              100.92435797678844,
              13.279013998179563
            ],
            [
              100.92458434067585,
              13.27902045148993
            ],
            [
              100.9248107980531,
              13.2790214614209
            ],
            [
              100.92503721249552,
              13.279017027366129
            ],
            [
              100.92526344760451,
              13.279007151998888
            ],
            [
              100.92548936708954,
              13.27899184127043
            ],
            [
              100.92571483485047,
              13.278971104406425
            ],
            [
              100.92593971505947,
              13.278944953901373
            ],
            [
              100.92616387224285,
              13.278913405511071
            ],
            [
              100.92638717136278,
              13.278876478243134
            ],
            [
              100.92660947789857,
              13.278834194345517
            ],
            [
              100.92683065792782,
              13.2787865792931
            ],
            [
              100.9270505782071,
              13.278733661772351
            ],
            [
              100.92726910625221,
              13.278675473664018
            ],
            [
              100.927486110418,
              13.278612050023916
            ],
            [
              100.9277014599778,
              13.278543429061799
            ],
            [
              100.92791502520205,
              13.278469652118336
            ],
            [
              100.92812667743657,
              13.278390763640184
            ],
            [
              100.92833628918007,
              13.278306811153204
            ],
            [
              100.92854373416093,
              13.27821784523382
            ],
            [
              100.92874888741335,
              13.278123919478544
            ],
            [
              100.92895162535257,
              13.278025090471651
            ],
            [
              100.92915182584937,
              13.277921417751111
            ],
            [
              100.92934936830373,
              13.277812963772682
            ],
            [
              100.92954413371731,
              13.277699793872285
            ],
            [
              100.92973600476533,
              13.277581976226628
            ],
            [
              100.92992486586714,
              13.27745958181212
            ],
            [
              100.93011060325588,
              13.277332684362097
            ],
            [
              100.93029310504708,
              13.277201360322398
            ],
            [
              100.93047226130597,
              13.277065688805287
            ],
            [
              100.93064796411375,
              13.276925751541784
            ],
            [
              100.9308201076326,
              13.27678163283243
            ],
            [
              100.93098858816943,
              13.276633419496463
            ],
            [
              100.93115330423836,
              13.276481200819529
            ],
            [
              100.93131415662184,
              13.27632506849986
            ],
            [
              100.93147104843037,
              13.276165116593031
            ],
            [
              100.93162388516092,
              13.276001441455293
            ],
            [
              100.93177257475382,
              13.275834141685502
            ],
            [
              100.93191702764821,
              13.275663318065718
            ],
            [
              100.93205715683598,
              13.275489073500468
            ],
            [
              100.93219287791415,
              13.275311512954767
            ],
            [
              100.9323241091357,
              13.275130743390855
            ],
            [
              100.93245077145887,
              13.274946873703756
            ],
            [
              100.93257278859461,
              13.274760014655682
            ],
            [
              100.93269008705265,
              13.274570278809271
            ],
            [
              100.93280259618571,
              13.274377780459801
            ],
            [
              100.93291024823195,
              13.274182635566316
            ],
            [
              100.93301297835592,
              13.273984961681752
            ],
            [
              100.93311072468742,
              13.273784877882132
            ],
            [
              100.93320342835892,
              13.273582504694836
            ],
            [
              100.93329103354081,
              13.27337796402596
            ],
            [
              100.93337348747515,
              13.273171379086898
            ],
            [
              100.93345074050734,
              13.27296287432011
            ],
            [
              100.93352274611601,
              13.272752575324148
            ],
            [
              100.93358946094105,
              13.272540608777993
            ],
            [
              100.93365084480965,
              13.272327102364759
            ],
            [
              100.9337068607605,
              13.272112184694752
            ],
            [
              100.93375747506596,
              13.271895985228005
            ],
            [
              100.93380265725244,
              13.271678634196302
            ],
            [
              100.93384238011866,
              13.271460262524712
            ],
            [
              100.93387661975198,
              13.271241001752731
            ],
            [
              100.9339053555428,
              13.271020983955042
            ],
            [
              100.93392857019697,
              13.270800341661966
            ],
            [
              100.93394624974609,
              13.270579207779615
            ],
            [
              100.93395838355592,
              13.27035771550986
            ],
            [
              100.93396496433283,
              13.270135998270069
            ],
            [
              100.93396598812801,
              13.269914189612772
            ]
          ]
        ]
      },
      "properties": {
        "ชื่อร้าน": "Yo-i soup bangsaen",
        "ประเภท": "ชั่งขีด",
        "แหล่งท่องเที่ยว_500m": "หาดวอนนภา, สะพานปลาหาดวอนนภา",
        "แหล่งท่องเที่ยว_1000m": "ตลาด Wanna Park",
        "buffer_m": 1000
      }
    },
    {
      "type": "Feature",
      "geometry": {
        "type": "Polygon",
        "coordinates": [
          [
            [
              100.92810525322389,
              13.281387322726896
            ],
            [
              100.9281007230443,
              13.281165555643001
            ],
            [
              100.92809063774502,
              13.28094396423853
            ],
            [
              100.92807500341597,
              13.280722681989136
            ],
            [
              100.9280538294894,
              13.280501842183927
            ],
            [
              100.92802712873419,
              13.280281577845154
            ],
            [
              100.9279949172481,
              13.28006202164809
            ],
            [
              100.92795721444809,
              13.27984330584115
            ],
            [
              100.9279140430585,
              13.27962556216621
            ],
            [
              100.92786542909742,
              13.279408921779254
            ],
            [
              100.92781140186098,
              13.279193515171437
            ],
            [
              100.92775199390557,
              13.27897947209042
            ],
            [
              100.92768724102834,
              13.278766921462289
            ],
            [
              100.9276171822455,
              13.278555991313862
            ],
            [
              100.92754185976885,
              13.278346808695625
            ],
            [
              100.9274613189803,
              13.278139499605173
            ],
            [
              100.92737560840453,
              13.277934188911361
            ],
            [
              100.9272847796797,
              13.277731000279104
            ],
            [
              100.92718888752634,
              13.277530056094873
            ],
            [
              100.92708798971441,
              13.277331477393018
            ],
            [
              100.92698214702841,
              13.277135383782866
            ],
            [
              100.9268714232308,
              13.276941893376693
            ],
            [
              100.92675588502358,
              13.27675112271859
            ],
            [
              100.92663560200799,
              13.276563186714286
            ],
            [
              100.92651064664278,
              13.276378198561952
            ],
            [
              100.92638109420032,
              13.276196269684016
            ],
            [
              100.92624702272144,
              13.276017509660088
            ],
            [
              100.92610851296827,
              13.275842026160955
            ],
            [
              100.92596564837567,
              13.275669924883749
            ],
            [
              100.92581851500096,
              13.27550130948829
            ],
            [
              100.92566720147204,
              13.27533628153468
            ],
            [
              100.92551179893405,
              13.275174940422122
            ],
            [
              100.92535240099444,
              13.275017383329088
            ],
            [
              100.92518910366658,
              13.274863705154779
            ],
            [
              100.92502200531199,
              13.274713998461985
            ],
            [
              100.92485120658097,
              13.274568353421357
            ],
            [
              100.92467681035215,
              13.274426857757094
            ],
            [
              100.92449892167038,
              13.27428959669413
            ],
            [
              100.92431764768357,
              13.274156652906804
            ],
            [
              100.92413309757808,
              13.274028106469078
            ],
            [
              100.92394538251304,
              13.273904034806314
            ],
            [
              100.92375461555336,
              13.273784512648685
            ],
            [
              100.92356091160165,
              13.273669611986115
            ],
            [
              100.92336438732906,
              13.273559402024976
            ],
            [
              100.92316516110498,
              13.273453949146404
            ],
            [
              100.92296335292572,
              13.273353316866302
            ],
            [
              100.92275908434245,
              13.273257565797136
            ],
            [
              100.92255247838773,
              13.273166753611385
            ],
            [
              100.92234365950164,
              13.27308093500686
            ],
            [
              100.92213275345675,
              13.273000161673727
            ],
            [
              100.92191988728244,
              13.272924482263408
            ],
            [
              100.92170518918834,
              13.27285394235926
            ],
            [
              100.92148878848721,
              13.272788584449145
            ],
            [
              100.92127081551708,
              13.272728447899834
            ],
            [
              100.92105140156265,
              13.27267356893329
            ],
            [
              100.92083067877641,
              13.272623980604878
            ],
            [
              100.92060878009897,
              13.272579712783443
            ],
            [
              100.92038583917905,
              13.272540792133311
            ],
            [
              100.92016199029298,
              13.272507242098248
            ],
            [
              100.91993736826389,
              13.272479082887337
            ],
            [
              100.91971210838048,
              13.272456331462791
            ],
            [
              100.91948634631568,
              13.272439001529756
            ],
            [
              100.9192602180448,
              13.272427103528038
            ],
            [
              100.91903385976377,
              13.27242064462582
            ],
            [
              100.91880740780715,
              13.27241962871533
            ],
            [
              100.91858099856599,
              13.272424056410518
            ],
            [
              100.91835476840565,
              13.27243392504665
            ],
            [
              100.91812885358387,
              13.27244922868193
            ],
            [
              100.91790339016858,
              13.272469958101064
            ],
            [
              100.91767851395602,
              13.2724961008208
            ],
            [
              100.91745436038899,
              13.272527641097447
            ],
            [
              100.91723106447529,
              13.272564559936349
            ],
            [
              100.91700876070641,
              13.272606835103312
            ],
            [
              100.91678758297658,
              13.272654441137982
            ],
            [
              100.91656766450213,
              13.27270734936919
            ],
            [
              100.91634913774128,
              13.272765527932195
            ],
            [
              100.9161321343144,
              13.272828941787859
            ],
            [
              100.9159167849247,
              13.272897552743757
            ],
            [
              100.91570321927964,
              13.272971319477156
            ],
            [
              100.91549156601265,
              13.273050197559906
            ],
            [
              100.91528195260585,
              13.273134139485174
            ],
            [
              100.91507450531321,
              13.27322309469605
            ],
            [
              100.91486934908448,
              13.273317009615983
            ],
            [
              100.91466660748999,
              13.273415827681035
            ],
            [
              100.91446640264624,
              13.27351948937395
            ],
            [
              100.91426885514235,
              13.273627932259966
            ],
            [
              100.91407408396745,
              13.273741091024432
            ],
            [
              100.91388220643897,
              13.27385889751211
            ],
            [
              100.91369333813206,
              13.273981280768217
            ],
            [
              100.91350759280994,
              13.274108167081167
            ],
            [
              100.91332508235536,
              13.274239480026925
            ],
            [
              100.91314591670329,
              13.27437514051504
            ],
            [
              100.9129702037746,
              13.274515066836276
            ],
            [
              100.91279804941121,
              13.27465917471179
            ],
            [
              100.9126295573121,
              13.274807377343897
            ],
            [
              100.91246482897114,
              13.274959585468325
            ],
            [
              100.9123039636157,
              13.275115707407988
            ],
            [
              100.912147058147,
              13.275275649128158
            ],
            [
              100.91199420708175,
              13.27543931429312
            ],
            [
              100.91184550249514,
              13.275606604324166
            ],
            [
              100.91170103396539,
              13.275777418458963
            ],
            [
              100.91156088851983,
              13.275951653812234
            ],
            [
              100.91142515058242,
              13.27612920543772
            ],
            [
              100.91129390192287,
              13.276309966391361
            ],
            [
              100.91116722160744,
              13.276493827795733
            ],
            [
              100.91104518595121,
              13.276680678905572
            ],
            [
              100.91092786847213,
              13.276870407174515
            ],
            [
              100.91081533984676,
              13.277062898322852
            ],
            [
              100.91070766786758,
              13.277258036406344
            ],
            [
              100.91060491740222,
              13.27745570388608
            ],
            [
              100.91050715035433,
              13.277655781699243
            ],
            [
              100.91041442562626,
              13.277858149330823
            ],
            [
              100.91032679908352,
              13.278062684886201
            ],
            [
              100.9102443235212,
              13.278269265164571
            ],
            [
              100.910167048632,
              13.278477765733127
            ],
            [
              100.91009502097643,
              13.278688061002022
            ],
            [
              100.91002828395459,
              13.278900024300006
            ],
            [
              100.90996687778004,
              13.279113527950722
            ],
            [
              100.9099108394556,
              13.279328443349605
            ],
            [
              100.90986020275093,
              13.279544641041346
            ],
            [
              100.90981499818227,
              13.279761990797878
            ],
            [
              100.90977525299391,
              13.279980361696783
            ],
            [
              100.90974099114179,
              13.280199622200195
            ],
            [
              100.90971223327905,
              13.28041964023401
            ],
            [
              100.90968899674357,
              13.280640283267443
            ],
            [
              100.9096712955474,
              13.28086141839285
            ],
            [
              100.90965914036839,
              13.281082912405825
            ],
            [
              100.90965253854364,
              13.281304631885385
            ],
            [
              100.90965149406509,
              13.281526443274387
            ],
            [
              100.90965600757708,
              13.281748212959968
            ],
            [
              100.90966607637588,
              13.281969807354011
            ],
            [
              100.90968169441136,
              13.282191092973653
            ],
            [
              100.9097028522905,
              13.28241193652168
            ],
            [
              100.90972953728307,
              13.282632204966822
            ],
            [
              100.9097617333293,
              13.282851765623903
            ],
            [
              100.90979942104944,
              13.283070486233775
            ],
            [
              100.90984257775546,
              13.283288235042992
            ],
            [
              100.9098911774646,
              13.283504880883187
            ],
            [
              100.90994519091517,
              13.283720293250083
            ],
            [
              100.91000458558388,
              13.283934342382128
            ],
            [
              100.91006932570566,
              13.28414689933868
            ],
            [
              100.910139372295,
              13.284357836077659
            ],
            [
              100.9102146831695,
              13.284567025532715
            ],
            [
              100.91029521297517,
              13.28477434168977
            ],
            [
              100.91038091321381,
              13.284979659662945
            ],
            [
              100.91047173227217,
              13.285182855769799
            ],
            [
              100.91056761545296,
              13.285383807605847
            ],
            [
              100.9106685050079,
              13.285582394118306
            ],
            [
              100.91077434017234,
              13.285778495679033
            ],
            [
              100.91088505720192,
              13.285971994156595
            ],
            [
              100.91100058941103,
              13.286162772987465
            ],
            [
              100.91112086721279,
              13.286350717246215
            ],
            [
              100.91124581816106,
              13.286535713714795
            ],
            [
              100.91137536699408,
              13.28671765095074
            ],
            [
              100.91150943567976,
              13.286896419354305
            ],
            [
              100.91164794346265,
              13.287071911234516
            ],
            [
              100.91179080691266,
              13.287244020874052
            ],
            [
              100.91193793997523,
              13.287412644592944
            ],
            [
              100.91208925402319,
              13.287577680811037
            ],
            [
              100.91224465791016,
              13.28773903010922
            ],
            [
              100.91240405802546,
              13.28789659528931
            ],
            [
              100.91256735835044,
              13.288050281432612
            ],
            [
              100.9127344605164,
              13.28819999595714
            ],
            [
              100.91290526386383,
              13.288345648673376
            ],
            [
              100.91307966550299,
              13.28848715183863
            ],
            [
              100.913257560376,
              13.288624420209903
            ],
            [
              100.91343884132003,
              13.288757371095244
            ],
            [
              100.91362339913194,
              13.288885924403589
            ],
            [
              100.91381112263406,
              13.289010002693024
            ],
            [
              100.91400189874115,
              13.289129531217423
            ],
            [
              100.91419561252856,
              13.289244437971517
            ],
            [
              100.91439214730143,
              13.289354653734252
            ],
            [
              100.91459138466512,
              13.289460112110527
            ],
            [
              100.9147932045964,
              13.28956074957118
            ],
            [
              100.9149974855159,
              13.289656505491285
            ],
            [
              100.91520410436124,
              13.289747322186656
            ],
            [
              100.91541293666134,
              13.289833144948634
            ],
            [
              100.91562385661129,
              13.289913922077023
            ],
            [
              100.91583673714824,
              13.289989604911272
            ],
            [
              100.91605145002795,
              13.29006014785977
            ],
            [
              100.916267865902,
              13.290125508427316
            ],
            [
              100.91648585439587,
              13.29018564724074
            ],
            [
              100.91670528418743,
              13.290240528072625
            ],
            [
              100.916926023086,
              13.290290117863112
            ],
            [
              100.91714793811222,
              13.29033438673984
            ],
            [
              100.91737089557796,
              13.290373308035932
            ],
            [
              100.91759476116702,
              13.290406858306069
            ],
            [
              100.91781940001606,
              13.290435017340604
            ],
            [
              100.9180446767958,
              13.290457768177736
            ],
            [
              100.91827045579267,
              13.290475097113752
            ],
            [
              100.91849660099052,
              13.290486993711244
            ],
            [
              100.91872297615265,
              13.290493450805405
            ],
            [
              100.91894944490386,
              13.290494464508365
            ],
            [
              100.91917587081265,
              13.290490034211494
            ],
            [
              100.91940211747345,
              13.290480162585794
            ],
            [
              100.9196280485888,
              13.29046485558026
            ],
            [
              100.91985352805153,
              13.290444122418311
            ],
            [
              100.92007842002673,
              13.290417975592213
            ],
            [
              100.92030258903362,
              13.290386430855541
            ],
            [
              100.9205259000272,
              13.290349507213708
            ],
            [
              100.92074821847967,
              13.290307226912478
            ],
            [
              100.92096941046141,
              13.290259615424562
            ],
            [
              100.92118934272176,
              13.290206701434274
            ],
            [
              100.92140788276929,
              13.290148516820233
            ],
            [
              100.92162489895162,
              13.290085096636153
            ],
            [
              100.9218402605348,
              13.2900164790897
            ],
            [
              100.92205383778204,
              13.289942705519488
            ],
            [
              100.92226550203189,
              13.289863820370133
            ],
            [
              100.9224751257758,
              13.289779871165496
            ],
            [
              100.92268258273494,
              13.289690908480027
            ],
            [
              100.92288774793623,
              13.289596985908279
            ],
            [
              100.92309049778773,
              13.289498160032622
            ],
            [
              100.92329071015304,
              13.289394490389135
            ],
            [
              100.92348826442492,
              13.289286039431722
            ],
            [
              100.92368304159797,
              13.289172872494495
            ],
            [
              100.92387492434027,
              13.289055057752366
            ],
            [
              100.92406379706412,
              13.288932666180013
            ],
            [
              100.92424954599568,
              13.288805771509054
            ],
            [
              100.92443205924347,
              13.288674450183661
            ],
            [
              100.9246112268658,
              13.28853878131447
            ],
            [
              100.92478694093707,
              13.288398846630901
            ],
            [
              100.92495909561262,
              13.288254730431957
            ],
            [
              100.92512758719268,
              13.288106519535368
            ],
            [
              100.92529231418465,
              13.287954303225309
            ],
            [
              100.92545317736442,
              13.287798173198594
            ],
            [
              100.92561007983598,
              13.287638223509429
            ],
            [
              100.92576292708986,
              13.287474550512734
            ],
            [
              100.92591162706006,
              13.287307252806082
            ],
            [
              100.92605609017947,
              13.28713643117029
            ],
            [
              100.9261962294338,
              13.286962188508712
            ],
            [
              100.92633196041399,
              13.286784629785215
            ],
            [
              100.9264632013671,
              13.28660386196095
            ],
            [
              100.92658987324545,
              13.286419993929904
            ],
            [
              100.9267118997543,
              13.286233136453298
            ],
            [
              100.92682920739766,
              13.286043402092835
            ],
            [
              100.92694172552275,
              13.285850905142903
            ],
            [
              100.92704938636234,
              13.28565576156171
            ],
            [
              100.92715212507564,
              13.285458088901414
            ],
            [
              100.92724987978734,
              13.285258006237319
            ],
            [
              100.92734259162478,
              13.285055634096118
            ],
            [
              100.92743020475349,
              13.284851094383287
            ],
            [
              100.92751266641076,
              13.284644510309656
            ],
            [
              100.92758992693732,
              13.284436006317174
            ],
            [
              100.9276619398073,
              13.28422570800393
            ],
            [
              100.9277286616562,
              13.284013742048515
            ],
            [
              100.92779005230702,
              13.283800236133686
            ],
            [
              100.92784607479435,
              13.28358531886946
            ],
            [
              100.92789669538664,
              13.283369119715639
            ],
            [
              100.92794188360654,
              13.283151768903823
            ],
            [
              100.92798161224908,
              13.282933397358956
            ],
            [
              100.92801585739821,
              13.282714136620472
            ],
            [
              100.92804459844102,
              13.282494118763033
            ],
            [
              100.92806781808017,
              13.28227347631701
            ],
            [
              100.92808550234426,
              13.282052342188617
            ],
            [
              100.9280976405963,
              13.281830849579878
            ],
            [
              100.92810422553994,
              13.281609131908372
            ],
            [
              100.92810525322389,
              13.281387322726896
            ]
          ]
        ]
      },
      "properties": {
        "ชื่อร้าน": "ทงทงหมาล่า",
        "ประเภท": "ชั่งขีด",
        "แหล่งท่องเที่ยว_500m": "หาดบางแสน",
        "แหล่งท่องเที่ยว_1000m": "พิพิธภัณฑ์สัตว์น้ำบางแสน, ตลาด Wanna Park",
        "buffer_m": 1000
      }
    },
    {
      "type": "Feature",
      "geometry": {
        "type": "Polygon",
        "coordinates": [
          [
            [
              100.93523129363624,
              13.270243172100246
            ],
            [
              100.93522675865363,
              13.270021405819135
            ],
            [
              100.93521666883122,
              13.269799815337718
            ],
            [
              100.93520103026162,
              13.269578534131087
            ],
            [
              100.93517985237966,
              13.269357695487713
            ],
            [
              100.93515314795654,
              13.26913743242914
            ],
            [
              100.93512093309225,
              13.26891787762987
            ],
            [
              100.93508322720574,
              13.268699163337454
            ],
            [
              100.93504005302322,
              13.268481421292863
            ],
            [
              100.93499143656445,
              13.2682647826511
            ],
            [
              100.934937407127,
              13.26804937790225
            ],
            [
              100.93487799726863,
              13.267835336792862
            ],
            [
              100.93481324278757,
              13.267622788247813
            ],
            [
              100.93474318270101,
              13.267411860292684
            ],
            [
              100.93466785922153,
              13.267202679976618
            ],
            [
              100.93458731773158,
              13.26699537329584
            ],
            [
              100.93450160675629,
              13.266790065117739
            ],
            [
              100.93441077793402,
              13.266586879105715
            ],
            [
              100.93431488598537,
              13.26638593764466
            ],
            [
              100.93421398868013,
              13.266187361767283
            ],
            [
              100.93410814680252,
              13.265991271081214
            ],
            [
              100.93399742411445,
              13.265797783696966
            ],
            [
              100.93388188731724,
              13.26560701615681
            ],
            [
              100.93376160601133,
              13.2654190833646
            ],
            [
              100.93363665265434,
              13.265234098516572
            ],
            [
              100.9335071025175,
              13.265052173033173
            ],
            [
              100.93337303364017,
              13.264873416491962
            ],
            [
              100.93323452678293,
              13.264697936561637
            ],
            [
              100.93309166537887,
              13.264525838937184
            ],
            [
              100.93294453548341,
              13.264357227276232
            ],
            [
              100.93279322572234,
              13.264192203136625
            ],
            [
              100.93263782723848,
              13.264030865915288
            ],
            [
              100.93247843363686,
              13.263873312788348
            ],
            [
              100.93231514092822,
              13.263719638652626
            ],
            [
              100.93214804747129,
              13.263569936068482
            ],
            [
              100.93197725391343,
              13.263424295204103
            ],
            [
              100.93180286313012,
              13.263282803781182
            ],
            [
              100.93162498016292,
              13.263145547022098
            ],
            [
              100.93144371215634,
              13.263012607598617
            ],
            [
              100.93125916829307,
              13.262884065582067
            ],
            [
              100.93107145972853,
              13.26275999839517
            ],
            [
              100.93088069952368,
              13.2626404807654
            ],
            [
              100.93068700257707,
              13.262525584679965
            ],
            [
              100.93049048555564,
              13.262415379342496
            ],
            [
              100.93029126682438,
              13.262309931131341
            ],
            [
              100.93008946637514,
              13.262209303559622
            ],
            [
              100.92988520575437,
              13.262113557236956
            ],
            [
              100.92967860798987,
              13.262022749832989
            ],
            [
              100.92946979751682,
              13.261936936042646
            ],
            [
              100.92925890010267,
              13.261856167553224
            ],
            [
              100.92904604277162,
              13.261780493013221
            ],
            [
              100.928831353728,
              13.261709958003076
            ],
            [
              100.92861496227913,
              13.261644605007715
            ],
            [
              100.92839699875742,
              13.261584473390956
            ],
            [
              100.92817759444195,
              13.261529599371803
            ],
            [
              100.92795688147939,
              13.261480016002652
            ],
            [
              100.92773499280442,
              13.261435753149366
            ],
            [
              100.92751206205976,
              13.261396837473292
            ],
            [
              100.92728822351562,
              13.26136329241521
            ],
            [
              100.92706361198891,
              13.26133513818121
            ],
            [
              100.92683836276203,
              13.261312391730524
            ],
            [
              100.92661261150147,
              13.261295066765305
            ],
            [
              100.92638649417609,
              13.261283173722381
            ],
            [
              100.92616014697522,
              13.26127671976695
            ],
            [
              100.92593370622673,
              13.261275708788276
            ],
            [
              100.92570730831494,
              13.261280141397341
            ],
            [
              100.92548108959845,
              13.261290014926454
            ],
            [
              100.92525518632807,
              13.26130532343089
            ],
            [
              100.92502973456482,
              13.261326057692425
            ],
            [
              100.9248048700979,
              13.261352205224894
            ],
            [
              100.9245807283631,
              13.261383750281722
            ],
            [
              100.92435744436105,
              13.26142067386537
            ],
            [
              100.92413515257613,
              13.261462953738787
            ],
            [
              100.92391398689533,
              13.261510564438806
            ],
            [
              100.92369408052777,
              13.261563477291444
            ],
            [
              100.92347556592438,
              13.261621660429174
            ],
            [
              100.92325857469822,
              13.261685078810112
            ],
            [
              100.92304323754517,
              13.261753694239113
            ],
            [
              100.92282968416532,
              13.261827465390752
            ],
            [
              100.92261804318477,
              13.261906347834213
            ],
            [
              100.92240844207824,
              13.261990294060046
            ],
            [
              100.92220100709227,
              13.262079253508746
            ],
            [
              100.92199586316923,
              13.262173172601209
            ],
            [
              100.92179313387206,
              13.262271994770991
            ],
            [
              100.92159294130988,
              13.262375660498355
            ],
            [
              100.92139540606442,
              13.262484107346122
            ],
            [
              100.92120064711743,
              13.262597269997235
            ],
            [
              100.921008781779,
              13.262715080294129
            ],
            [
              100.92081992561694,
              13.262837467279713
            ],
            [
              100.92063419238717,
              13.262964357240154
            ],
            [
              100.92045169396519,
              13.263095673749222
            ],
            [
              100.92027254027869,
              13.263231337714315
            ],
            [
              100.9200968392414,
              13.263371267424091
            ],
            [
              100.91992469668803,
              13.26351537859767
            ],
            [
              100.9197562163105,
              13.263663584435369
            ],
            [
              100.91959149959561,
              13.263815795670984
            ],
            [
              100.91943064576374,
              13.263971920625547
            ],
            [
              100.91927375170918,
              13.26413186526251
            ],
            [
              100.91912091194177,
              13.26429553324439
            ],
            [
              100.91897221852989,
              13.264462825990776
            ],
            [
              100.91882776104505,
              13.264633642737698
            ],
            [
              100.91868762650796,
              13.264807880598292
            ],
            [
              100.91855189933597,
              13.264985434624778
            ],
            [
              100.91842066129232,
              13.26516619787165
            ],
            [
              100.91829399143687,
              13.265350061460088
            ],
            [
              100.91817196607842,
              13.265536914643505
            ],
            [
              100.91805465872872,
              13.265726644874281
            ],
            [
              100.9179421400582,
              13.265919137871506
            ],
            [
              100.9178344778534,
              13.26611427768983
            ],
            [
              100.91773173697602,
              13.266311946789283
            ],
            [
              100.91763397932394,
              13.266512026106062
            ],
            [
              100.91754126379384,
              13.266714395124241
            ],
            [
              100.9174536462457,
              13.266918931948355
            ],
            [
              100.91737117946917,
              13.267125513376822
            ],
            [
              100.91729391315171,
              13.267334014976138
            ],
            [
              100.91722189384858,
              13.267544311155824
            ],
            [
              100.91715516495489,
              13.267756275244064
            ],
            [
              100.9170937666793,
              13.267969779564025
            ],
            [
              100.91703773601985,
              13.268184695510719
            ],
            [
              100.91698710674159,
              13.268400893628504
            ],
            [
              100.91694190935624,
              13.268618243689039
            ],
            [
              100.91690217110379,
              13.268836614769722
            ],
            [
              100.91686791593598,
              13.269055875332565
            ],
            [
              100.91683916450192,
              13.269275893303414
            ],
            [
              100.91681593413561,
              13.269496536151514
            ],
            [
              100.91679823884535,
              13.269717670969332
            ],
            [
              100.91678608930543,
              13.269939164552623
            ],
            [
              100.91677949284954,
              13.270160883480665
            ],
            [
              100.91677845346639,
              13.270382694196643
            ],
            [
              100.91678297179722,
              13.270604463088077
            ],
            [
              100.91679304513538,
              13.270826056567328
            ],
            [
              100.91680866742799,
              13.27104734115208
            ],
            [
              100.91682982927945,
              13.271268183545729
            ],
            [
              100.91685651795716,
              13.2714884507177
            ],
            [
              100.91688871739905,
              13.271708009983572
            ],
            [
              100.91692640822336,
              13.271926729085031
            ],
            [
              100.91696956774014,
              13.272144476269533
            ],
            [
              100.91701816996498,
              13.272361120369688
            ],
            [
              100.91707218563455,
              13.27257653088226
            ],
            [
              100.91713158222434,
              13.272790578046816
            ],
            [
              100.917196323968,
              13.27300313292388
            ],
            [
              100.91726637187908,
              13.273214067472631
            ],
            [
              100.91734168377434,
              13.273423254628039
            ],
            [
              100.91742221429918,
              13.273630568377405
            ],
            [
              100.91750791495494,
              13.273835883836298
            ],
            [
              100.91759873412812,
              13.274039077323792
            ],
            [
              100.91769461712131,
              13.274240026436976
            ],
            [
              100.91779550618637,
              13.274438610124712
            ],
            [
              100.91790134055888,
              13.274634708760551
            ],
            [
              100.91801205649502,
              13.274828204214835
            ],
            [
              100.91812758730973,
              13.275018979925845
            ],
            [
              100.918247863417,
              13.275206920970046
            ],
            [
              100.91837281237171,
              13.275391914131314
            ],
            [
              100.91850235891329,
              13.27557384796919
            ],
            [
              100.91863642501097,
              13.275752612885977
            ],
            [
              100.91877492991092,
              13.2759281011928
            ],
            [
              100.91891779018472,
              13.276100207174498
            ],
            [
              100.91906491977971,
              13.276268827153306
            ],
            [
              100.91921623007083,
              13.27643385955134
            ],
            [
              100.91937162991394,
              13.276595204951777
            ],
            [
              100.91953102570078,
              13.276752766158797
            ],
            [
              100.91969432141529,
              13.276906448256112
            ],
            [
              100.91986141869157,
              13.277056158664164
            ],
            [
              100.92003221687301,
              13.277201807195937
            ],
            [
              100.92020661307302,
              13.277343306111257
            ],
            [
              100.92038450223694,
              13.2774805701697
            ],
            [
              100.92056577720541,
              13.277613516681917
            ],
            [
              100.92075032877888,
              13.277742065559492
            ],
            [
              100.92093804578343,
              13.277866139363178
            ],
            [
              100.92112881513772,
              13.277985663349572
            ],
            [
              100.92132252192118,
              13.278100565516137
            ],
            [
              100.92151904944318,
              13.278210776644602
            ],
            [
              100.92171827931342,
              13.27831623034266
            ],
            [
              100.92192009151321,
              13.278416863083981
            ],
            [
              100.92212436446779,
              13.278512614246488
            ],
            [
              100.92233097511965,
              13.278603426148877
            ],
            [
              100.9225397990026,
              13.278689244085374
            ],
            [
              100.92275071031685,
              13.278770016358717
            ],
            [
              100.92296358200468,
              13.278845694311272
            ],
            [
              100.92317828582723,
              13.278916232354385
            ],
            [
              100.92339469244155,
              13.27898158799583
            ],
            [
              100.92361267147872,
              13.27904172186541
            ],
            [
              100.92383209162224,
              13.279096597738686
            ],
            [
              100.92405282068735,
              13.279146182558803
            ],
            [
              100.92427472570054,
              13.279190446456402
            ],
            [
              100.92449767297977,
              13.279229362767621
            ],
            [
              100.92472152821496,
              13.279262908050148
            ],
            [
              100.924946156549,
              13.279291062097352
            ],
            [
              100.925171422659,
              13.27931380795045
            ],
            [
              100.92539719083783,
              13.279331131908732
            ],
            [
              100.92562332507583,
              13.279343023537795
            ],
            [
              100.92584968914294,
              13.279349475675849
            ],
            [
              100.92607614667065,
              13.279350484438
            ],
            [
              100.92630256123424,
              13.279346049218615
            ],
            [
              100.92652879643497,
              13.279336172691664
            ],
            [
              100.92675471598231,
              13.279320860809104
            ],
            [
              100.92698018377608,
              13.279300122797297
            ],
            [
              100.92720506398841,
              13.279273971151431
            ],
            [
              100.92742922114562,
              13.279242421628005
            ],
            [
              100.92765252020986,
              13.279205493235308
            ],
            [
              100.92787482666053,
              13.279163208221979
            ],
            [
              100.92809600657527,
              13.279115592063569
            ],
            [
              100.92831592671068,
              13.279062673447212
            ],
            [
              100.92853445458269,
              13.279004484254317
            ],
            [
              100.92875145854622,
              13.278941059541356
            ],
            [
              100.92896680787473,
              13.278872437518732
            ],
            [
              100.92918037283883,
              13.278798659527753
            ],
            [
              100.92939202478446,
              13.278719770015707
            ],
            [
              100.92960163621053,
              13.27863581650908
            ],
            [
              100.92980908084562,
              13.278546849584915
            ],
            [
              100.93001423372411,
              13.278452922840318
            ],
            [
              100.93021697126146,
              13.278354092860175
            ],
            [
              100.93041717132874,
              13.278250419183037
            ],
            [
              100.93061471332614,
              13.278141964265238
            ],
            [
              100.93080947825561,
              13.27802879344327
            ],
            [
              100.93100134879269,
              13.27791097489439
            ],
            [
              100.931190209357,
              13.277788579595557
            ],
            [
              100.93137594618207,
              13.277661681280641
            ],
            [
              100.9315584473837,
              13.277530356396001
            ],
            [
              100.93173760302747,
              13.277394684054407
            ],
            [
              100.93191330519501,
              13.277254745987387
            ],
            [
              100.93208544804885,
              13.277110626495952
            ],
            [
              100.93225392789634,
              13.276962412399829
            ],
            [
              100.93241864325196,
              13.276810192985105
            ],
            [
              100.93257949489863,
              13.276654059950461
            ],
            [
              100.9327363859473,
              13.276494107351914
            ],
            [
              100.93288922189537,
              13.276330431546121
            ],
            [
              100.93303791068367,
              13.276163131132343
            ],
            [
              100.93318236275181,
              13.275992306893022
            ],
            [
              100.93332249109217,
              13.27581806173307
            ],
            [
              100.93345821130231,
              13.27564050061785
            ],
            [
              100.93358944163573,
              13.275459730509953
            ],
            [
              100.93371610305117,
              13.275275860304724
            ],
            [
              100.93383811926017,
              13.275089000764687
            ],
            [
              100.93395541677302,
              13.274899264452783
            ],
            [
              100.93406792494297,
              13.274706765664558
            ],
            [
              100.9341755760088,
              13.274511620359325
            ],
            [
              100.93427830513562,
              13.274313946090274
            ],
            [
              100.93437605045389,
              13.274113861933658
            ],
            [
              100.93446875309662,
              13.273911488417063
            ],
            [
              100.93455635723488,
              13.273706947446785
            ],
            [
              100.93463881011132,
              13.273500362234403
            ],
            [
              100.93471606207198,
              13.273291857222533
            ],
            [
              100.93478806659618,
              13.273081558009878
            ],
            [
              100.93485478032443,
              13.272869591275553
            ],
            [
              100.93491616308457,
              13.272656084702781
            ],
            [
              100.93497217791597,
              13.27244116690196
            ],
            [
              100.93502279109168,
              13.272224967333205
            ],
            [
              100.9350679721388,
              13.272007616228358
            ],
            [
              100.9351076938567,
              13.271789244512528
            ],
            [
              100.93514193233345,
              13.271569983725241
            ],
            [
              100.93517066696016,
              13.271349965941189
            ],
            [
              100.93519388044335,
              13.271129323690674
            ],
            [
              100.93521155881537,
              13.270908189879792
            ],
            [
              100.93522369144266,
              13.270686697710364
            ],
            [
              100.93523027103231,
              13.2704649805997
            ],
            [
              100.93523129363624,
              13.270243172100246
            ]
          ]
        ]
      },
      "properties": {
        "ชื่อร้าน": "Super Soup MaLaTang",
        "ประเภท": "ชั่งขีด",
        "แหล่งท่องเที่ยว_500m": "หาดวอนนภา, สะพานปลาหาดวอนนภา",
        "แหล่งท่องเที่ยว_1000m": "ตลาด Wanna Park",
        "buffer_m": 1000
      }
    },
    {
      "type": "Feature",
      "geometry": {
        "type": "Polygon",
        "coordinates": [
          [
            [
              100.9339996932803,
              13.288590821922075
            ],
            [
              100.93399515668926,
              13.288369055812893
            ],
            [
              100.93398506483796,
              13.28814746553366
            ],
            [
              100.93396942382026,
              13.287926184559362
            ],
            [
              100.93394824307246,
              13.287705346178317
            ],
            [
              100.93392153536755,
              13.287485083411916
            ],
            [
              100.93388931680747,
              13.287265528934482
            ],
            [
              100.93385160681345,
              13.28704681499337
            ],
            [
              100.9338084281142,
              13.286829073329343
            ],
            [
              100.9337598067322,
              13.286612435097169
            ],
            [
              100.93370577196802,
              13.286397030786675
            ],
            [
              100.93364635638267,
              13.28618299014415
            ],
            [
              100.93358159577782,
              13.285970442094197
            ],
            [
              100.93351152917437,
              13.285759514662075
            ],
            [
              100.93343619878884,
              13.285550334896618
            ],
            [
              100.93335565000791,
              13.285343028793703
            ],
            [
              100.93326993136104,
              13.285137721220375
            ],
            [
              100.93317909449128,
              13.284934535839662
            ],
            [
              100.9330831941241,
              13.28473359503607
            ],
            [
              100.93298228803434,
              13.284535019841906
            ],
            [
              100.93287643701154,
              13.284338929864369
            ],
            [
              100.93276570482314,
              13.284145443213552
            ],
            [
              100.93265015817622,
              13.283954676431268
            ],
            [
              100.93252986667711,
              13.283766744420909
            ],
            [
              100.93240490278963,
              13.283581760378231
            ],
            [
              100.93227534179131,
              13.283399835723184
            ],
            [
              100.9321412617281,
              13.283221080032828
            ],
            [
              100.93200274336733,
              13.283045600975328
            ],
            [
              100.93185987014904,
              13.282873504245137
            ],
            [
              100.93171272813572,
              13.282704893499337
            ],
            [
              100.93156140596048,
              13.282539870295214
            ],
            [
              100.93140599477368,
              13.282378534029116
            ],
            [
              100.93124658818793,
              13.282220981876582
            ],
            [
              100.93108328222182,
              13.282067308733835
            ],
            [
              100.93091617524206,
              13.281917607160635
            ],
            [
              100.93074536790417,
              13.281771967324541
            ],
            [
              100.9305709630919,
              13.281630476946622
            ],
            [
              100.93039306585531,
              13.281493221248612
            ],
            [
              100.93021178334745,
              13.281360282901625
            ],
            [
              100.93002722475975,
              13.281231741976343
            ],
            [
              100.92983950125652,
              13.281107675894813
            ],
            [
              100.9296487259077,
              13.280988159383824
            ],
            [
              100.92945501362092,
              13.280873264429912
            ],
            [
              100.92925848107238,
              13.280763060236017
            ],
            [
              100.92905924663641,
              13.280657613179779
            ],
            [
              100.92885743031432,
              13.280556986773622
            ],
            [
              100.9286531536621,
              13.280461241626448
            ],
            [
              100.92844653971719,
              13.280370435407185
            ],
            [
              100.92823771292447,
              13.280284622810047
            ],
            [
              100.92802679906127,
              13.280203855521588
            ],
            [
              100.92781392516164,
              13.280128182189582
            ],
            [
              100.9275992194399,
              13.280057648393736
            ],
            [
              100.92738281121335,
              13.279992296618234
            ],
            [
              100.92716483082454,
              13.279932166226144
            ],
            [
              100.92694540956266,
              13.27987729343574
            ],
            [
              100.92672467958458,
              13.279827711298664
            ],
            [
              100.92650277383522,
              13.279783449680027
            ],
            [
              100.92627982596754,
              13.279744535240434
            ],
            [
              100.92605597026208,
              13.27971099141992
            ],
            [
              100.92583134154602,
              13.27968283842381
            ],
            [
              100.92560607511213,
              13.2796600932106
            ],
            [
              100.92538030663722,
              13.279642769481688
            ],
            [
              100.92515417210049,
              13.27963087767315
            ],
            [
              100.92492780770165,
              13.279624424949445
            ],
            [
              100.9247013497789,
              13.279623415199094
            ],
            [
              100.92447493472686,
              13.279627849032329
            ],
            [
              100.92424869891443,
              13.279637723780732
            ],
            [
              100.9240227786027,
              13.279653033498839
            ],
            [
              100.92379730986293,
              13.279673768967683
            ],
            [
              100.92357242849458,
              13.279699917700393
            ],
            [
              100.9233482699435,
              13.279731463949656
            ],
            [
              100.92312496922051,
              13.27976838871722
            ],
            [
              100.92290266081999,
              13.279810669765334
            ],
            [
              100.92268147863895,
              13.279858281630112
            ],
            [
              100.92246155589639,
              13.279911195636874
            ],
            [
              100.92224302505312,
              13.279969379917409
            ],
            [
              100.92202601773194,
              13.280032799429145
            ],
            [
              100.92181066463843,
              13.280101415976254
            ],
            [
              100.92159709548223,
              13.280175188232654
            ],
            [
              100.92138543889894,
              13.280254071766864
            ],
            [
              100.92117582237265,
              13.280338019068775
            ],
            [
              100.9209683721592,
              13.280426979578246
            ],
            [
              100.9207632132101,
              13.280520899715555
            ],
            [
              100.92056046909732,
              13.280619722913617
            ],
            [
              100.92036026193888,
              13.280723389652085
            ],
            [
              100.92016271232532,
              13.280831837493183
            ],
            [
              100.919967939247,
              13.280945001119264
            ],
            [
              100.91977606002253,
              13.281062812372182
            ],
            [
              100.91958719022806,
              13.281185200294287
            ],
            [
              100.91940144362773,
              13.28131209117118
            ],
            [
              100.91921893210507,
              13.281443408576088
            ],
            [
              100.91903976559566,
              13.281579073415887
            ],
            [
              100.91886405202094,
              13.281719003978715
            ],
            [
              100.91869189722317,
              13.281863115983185
            ],
            [
              100.91852340490165,
              13.282011322629124
            ],
            [
              100.91835867655034,
              13.282163534649865
            ],
            [
              100.91819781139668,
              13.282319660365953
            ],
            [
              100.91804090634173,
              13.28247960574041
            ],
            [
              100.91788805590198,
              13.282643274435308
            ],
            [
              100.91773935215222,
              13.28281056786983
            ],
            [
              100.91759488467022,
              13.282981385279589
            ],
            [
              100.91745474048268,
              13.28315562377734
            ],
            [
              100.91731900401278,
              13.283333178414928
            ],
            [
              100.91718775702941,
              13.283513942246486
            ],
            [
              100.91706107859775,
              13.283697806392853
            ],
            [
              100.91693904503181,
              13.283884660107121
            ],
            [
              100.91682172984831,
              13.284074390841356
            ],
            [
              100.91670920372236,
              13.284266884314361
            ],
            [
              100.91660153444504,
              13.284462024580499
            ],
            [
              100.91649878688229,
              13.284659694099544
            ],
            [
              100.91640102293604,
              13.28485977380745
            ],
            [
              100.91630830150682,
              13.285062143188064
            ],
            [
              100.91622067845812,
              13.285266680345714
            ],
            [
              100.91613820658296,
              13.28547326207862
            ],
            [
              100.91606093557182,
              13.285681763953109
            ],
            [
              100.91598891198291,
              13.285892060378535
            ],
            [
              100.91592217921384,
              13.286104024682956
            ],
            [
              100.91586077747567,
              13.2863175291894
            ],
            [
              100.91580474376853,
              13.286532445292787
            ],
            [
              100.91575411185936,
              13.286748643537376
            ],
            [
              100.91570891226144,
              13.286965993694759
            ],
            [
              100.91566917221613,
              13.287184364842282
            ],
            [
              100.91563491567626,
              13.287403625441923
            ],
            [
              100.91560616329183,
              13.28762364341951
            ],
            [
              100.91558293239736,
              13.287844286244285
            ],
            [
              100.91556523700156,
              13.288065421008735
            ],
            [
              100.91555308777878,
              13.288286914508646
            ],
            [
              100.91554649206252,
              13.288508633323357
            ],
            [
              100.9155454538411,
              13.288730443896114
            ],
            [
              100.91554997375508,
              13.288952212614529
            ],
            [
              100.91556004909687,
              13.28917380589107
            ],
            [
              100.9155756738124,
              13.289395090243545
            ],
            [
              100.91559683850464,
              13.289615932375481
            ],
            [
              100.91562353043929,
              13.289836199256467
            ],
            [
              100.91565573355238,
              13.290055758202255
            ],
            [
              100.91569342845992,
              13.290274476954727
            ],
            [
              100.91573659246951,
              13.29049222376154
            ],
            [
              100.9157851995941,
              13.290708867455526
            ],
            [
              100.91583922056743,
              13.2909242775337
            ],
            [
              100.91589862286176,
              13.291138324235881
            ],
            [
              100.91596337070739,
              13.291350878622874
            ],
            [
              100.91603342511416,
              13.291561812654143
            ],
            [
              100.91610874389497,
              13.291770999264962
            ],
            [
              100.91618928169108,
              13.291978312442955
            ],
            [
              100.91627498999948,
              13.292183627304045
            ],
            [
              100.91636581720203,
              13.292386820167637
            ],
            [
              100.9164617085966,
              13.292587768631202
            ],
            [
              100.91656260642988,
              13.292786351643988
            ],
            [
              100.91666844993229,
              13.292982449579938
            ],
            [
              100.91677917535443,
              13.29317594430981
            ],
            [
              100.91689471600561,
              13.293366719272317
            ],
            [
              100.91701500229391,
              13.293554659544355
            ],
            [
              100.91713996176804,
              13.293739651910277
            ],
            [
              100.91726951916112,
              13.293921584930077
            ],
            [
              100.91740359643589,
              13.29410034900654
            ],
            [
              100.91754211283173,
              13.294275836451297
            ],
            [
              100.91768498491334,
              13.294447941549697
            ],
            [
              100.91783212662095,
              13.294616560624494
            ],
            [
              100.91798344932222,
              13.29478159209833
            ],
            [
              100.91813886186553,
              13.294942936554952
            ],
            [
              100.91829827063493,
              13.295100496799067
            ],
            [
              100.91846157960663,
              13.295254177914977
            ],
            [
              100.91862869040668,
              13.295403887323706
            ],
            [
              100.91879950237032,
              13.295549534838814
            ],
            [
              100.91897391260268,
              13.295691032720748
            ],
            [
              100.91915181604064,
              13.295828295729681
            ],
            [
              100.91933310551624,
              13.295961241176894
            ],
            [
              100.91951767182118,
              13.296089788974598
            ],
            [
              100.91970540377265,
              13.296213861684189
            ],
            [
              100.91989618828033,
              13.296333384562905
            ],
            [
              100.92008991041448,
              13.29644828560888
            ],
            [
              100.92028645347524,
              13.296558495604499
            ],
            [
              100.92048569906292,
              13.29666394815813
            ],
            [
              100.92068752714935,
              13.296764579744119
            ],
            [
              100.92089181615022,
              13.29686032974108
            ],
            [
              100.9210984429983,
              13.296951140468401
            ],
            [
              100.92130728321766,
              13.29703695722101
            ],
            [
              100.9215182109986,
              13.297117728302347
            ],
            [
              100.92173109927357,
              13.297193405055488
            ],
            [
              100.92194581979359,
              13.297263941892487
            ],
            [
              100.92216224320572,
              13.297329296321845
            ],
            [
              100.92238023913082,
              13.29738942897409
            ],
            [
              100.92259967624229,
              13.297444303625507
            ],
            [
              100.92282042234507,
              13.29749388721997
            ],
            [
              100.92304234445537,
              13.297538149888855
            ],
            [
              100.92326530888084,
              13.297577064969028
            ],
            [
              100.92348918130106,
              13.29761060901892
            ],
            [
              100.92371382684857,
              13.297638761832635
            ],
            [
              100.92393911019005,
              13.297661506452132
            ],
            [
              100.92416489560793,
              13.297678829177435
            ],
            [
              100.92439104708225,
              13.29769071957489
            ],
            [
              100.92461742837246,
              13.297697170483431
            ],
            [
              100.92484390309967,
              13.297698178018921
            ],
            [
              100.9250703348288,
              13.297693741576456
            ],
            [
              100.92529658715073,
              13.297683863830738
            ],
            [
              100.92552252376463,
              13.297668550734464
            ],
            [
              100.92574800855994,
              13.297647811514722
            ],
            [
              100.92597290569857,
              13.297621658667431
            ],
            [
              100.92619707969664,
              13.297590107949818
            ],
            [
              100.92642039550613,
              13.297553178370881
            ],
            [
              100.92664271859628,
              13.297510892179988
            ],
            [
              100.92686391503474,
              13.2974632748534
            ],
            [
              100.92708385156813,
              13.297410355078952
            ],
            [
              100.92730239570245,
              13.297352164738763
            ],
            [
              100.92751941578285,
              13.297288738889991
            ],
            [
              100.92773478107303,
              13.29722011574373
            ],
            [
              100.92794836183394,
              13.297146336641978
            ],
            [
              100.92816002940206,
              13.297067446032685
            ],
            [
              100.92836965626681,
              13.296983491443008
            ],
            [
              100.92857711614747,
              13.296894523450653
            ],
            [
              100.9287822840692,
              13.296800595653373
            ],
            [
              100.92898503643846,
              13.296701764636696
            ],
            [
              100.92918525111729,
              13.296598089939804
            ],
            [
              100.92938280749709,
              13.296489634019656
            ],
            [
              100.92957758657116,
              13.296376462213352
            ],
            [
              100.92976947100644,
              13.296258642698753
            ],
            [
              100.92995834521426,
              13.296136246453406
            ],
            [
              100.93014409541982,
              13.296009347211763
            ],
            [
              100.93032660973093,
              13.295878021420746
            ],
            [
              100.93050577820526,
              13.295742348193686
            ],
            [
              100.93068149291665,
              13.295602409262651
            ],
            [
              100.93085364802013,
              13.295458288929185
            ],
            [
              100.93102213981562,
              13.295310074013525
            ],
            [
              100.93118686681044,
              13.295157853802271
            ],
            [
              100.93134772978046,
              13.295001719994593
            ],
            [
              100.9315046318298,
              13.29484176664698
            ],
            [
              100.93165747844928,
              13.294678090116548
            ],
            [
              100.93180617757326,
              13.294510789003008
            ],
            [
              100.93195063963516,
              13.29433996408924
            ],
            [
              100.93209077762134,
              13.294165718280565
            ],
            [
              100.93222650712352,
              13.293988156542754
            ],
            [
              100.93235774638964,
              13.293807385838775
            ],
            [
              100.93248441637304,
              13.293623515064347
            ],
            [
              100.93260644078013,
              13.293436654982349
            ],
            [
              100.93272374611627,
              13.293246918156049
            ],
            [
              100.93283626172997,
              13.29305441888133
            ],
            [
              100.93294391985562,
              13.292859273117797
            ],
            [
              100.93304665565401,
              13.29266159841892
            ],
            [
              100.9331444072516,
              13.292461513861225
            ],
            [
              100.93323711577767,
              13.292259139972556
            ],
            [
              100.93332472539973,
              13.292054598659435
            ],
            [
              100.93340718335715,
              13.291848013133652
            ],
            [
              100.93348443999294,
              13.291639507838033
            ],
            [
              100.93355644878359,
              13.291429208371447
            ],
            [
              100.93362316636707,
              13.291217241413172
            ],
            [
              100.93368455256895,
              13.291003734646571
            ],
            [
              100.9337405704265,
              13.290788816682173
            ],
            [
              100.933791186211,
              13.290572616980196
            ],
            [
              100.93383636944795,
              13.290355265772563
            ],
            [
              100.93387609293546,
              13.290136893984458
            ],
            [
              100.93391033276058,
              13.289917633155444
            ],
            [
              100.93393906831356,
              13.28969761536025
            ],
            [
              100.93396228230046,
              13.28947697312919
            ],
            [
              100.93397996075328,
              13.28925583936835
            ],
            [
              100.93399209303848,
              13.28903434727952
            ],
            [
              100.93399867186335,
              13.288812630279974
            ],
            [
              100.9339996932803,
              13.288590821922075
            ]
          ]
        ]
      },
      "properties": {
        "ชื่อร้าน": "ล่าดิ หม่าล่าทั่ง สาขาบางแสน",
        "ประเภท": "ชั่งขีด",
        "แหล่งท่องเที่ยว_500m": "พิพิธภัณฑ์สัตว์น้ำบางแสน, แหลมทอง (Laemtong)",
        "แหล่งท่องเที่ยว_1000m": "ไม่มี",
        "buffer_m": 1000
      }
    },
    {
      "type": "Feature",
      "geometry": {
        "type": "Polygon",
        "coordinates": [
          [
            [
              100.93813748995144,
              13.283808146657046
            ],
            [
              100.93813295031974,
              13.283586381047149
            ],
            [
              100.93812285555217,
              13.283364791342322
            ],
            [
              100.93810721174438,
              13.283143511017185
            ],
            [
              100.93808602833428,
              13.282922673359671
            ],
            [
              100.9380593180965,
              13.282702411390723
            ],
            [
              100.93802709713451,
              13.282482857784185
            ],
            [
              100.93798938487095,
              13.282264144786891
            ],
            [
              100.93794620403591,
              13.282046404139011
            ],
            [
              100.93789758065313,
              13.281829766994711
            ],
            [
              100.9378435440244,
              13.28161436384317
            ],
            [
              100.9377841267118,
              13.281400324429956
            ],
            [
              100.9377193645181,
              13.281187777678937
            ],
            [
              100.93764929646512,
              13.28097685161459
            ],
            [
              100.93757396477022,
              13.280767673284917
            ],
            [
              100.93749341482088,
              13.280560368684935
            ],
            [
              100.93740769514729,
              13.280355062680782
            ],
            [
              100.93731685739306,
              13.280151878934532
            ],
            [
              100.93722095628418,
              13.279950939829709
            ],
            [
              100.93712004959598,
              13.279752366397592
            ],
            [
              100.9370141981183,
              13.27955627824433
            ],
            [
              100.93690346561891,
              13.279362793478908
            ],
            [
              100.936787918805,
              13.279172028642002
            ],
            [
              100.93666762728304,
              13.278984098635839
            ],
            [
              100.93654266351685,
              13.278799116654959
            ],
            [
              100.93641310278386,
              13.278617194118073
            ],
            [
              100.93627902312988,
              13.278438440600967
            ],
            [
              100.93614050532196,
              13.278262963770505
            ],
            [
              100.93599763279981,
              13.278090869319795
            ],
            [
              100.9358504916255,
              13.277922260904546
            ],
            [
              100.93569917043165,
              13.277757240080646
            ],
            [
              100.93554376036796,
              13.27759590624301
            ],
            [
              100.93538435504641,
              13.277438356565709
            ],
            [
              100.93522105048483,
              13.277284685943489
            ],
            [
              100.93505394504905,
              13.277134986934588
            ],
            [
              100.93488313939366,
              13.27698934970503
            ],
            [
              100.93470873640142,
              13.276847861974304
            ],
            [
              100.93453084112126,
              13.27671060896257
            ],
            [
              100.93434956070503,
              13.276577673339315
            ],
            [
              100.93416500434297,
              13.276449135173587
            ],
            [
              100.93397728319798,
              13.276325071885777
            ],
            [
              100.93378651033856,
              13.276205558201
            ],
            [
              100.93359280067094,
              13.276090666104087
            ],
            [
              100.93339627086965,
              13.275980464796257
            ],
            [
              100.93319703930739,
              13.275875020653435
            ],
            [
              100.93299522598373,
              13.275774397186273
            ],
            [
              100.93279095245288,
              13.27567865500192
            ],
            [
              100.93258434175037,
              13.275587851767524
            ],
            [
              100.93237551831913,
              13.275502042175505
            ],
            [
              100.9321646079345,
              13.275421277910606
            ],
            [
              100.9319517376284,
              13.275345607618796
            ],
            [
              100.93173703561298,
              13.275275076877946
            ],
            [
              100.93152063120336,
              13.27520972817041
            ],
            [
              100.93130265473974,
              13.275149600857414
            ],
            [
              100.93108323750897,
              13.275094731155388
            ],
            [
              100.9308625116655,
              13.275045152114101
            ],
            [
              100.93064061015176,
              13.275000893596824
            ],
            [
              100.93041766661815,
              13.27496198226229
            ],
            [
              100.9301938153426,
              13.274928441548663
            ],
            [
              100.92996919114964,
              13.274900291659423
            ],
            [
              100.92974392932933,
              13.274877549551173
            ],
            [
              100.92951816555569,
              13.274860228923465
            ],
            [
              100.9292920358051,
              13.274848340210506
            ],
            [
              100.92906567627438,
              13.274841890574894
            ],
            [
              100.92883922329881,
              13.274840883903293
            ],
            [
              100.92861281327004,
              13.274845320804094
            ],
            [
              100.92838658255396,
              13.274855198607026
            ],
            [
              100.92816066740858,
              13.274870511364794
            ],
            [
              100.92793520390207,
              13.274891249856605
            ],
            [
              100.9277103278307,
              13.274917401593767
            ],
            [
              100.92748617463718,
              13.274948950827163
            ],
            [
              100.9272628793291,
              13.274985878556754
            ],
            [
              100.9270405763976,
              13.275028162542997
            ],
            [
              100.92681939973639,
              13.275075777320245
            ],
            [
              100.92659948256116,
              13.275128694212071
            ],
            [
              100.92638095732933,
              13.275186881348517
            ],
            [
              100.92616395566039,
              13.275250303685304
            ],
            [
              100.92594860825649,
              13.275318923024907
            ],
            [
              100.92573504482385,
              13.27539269803955
            ],
            [
              100.92552339399465,
              13.275471584296108
            ],
            [
              100.9253137832495,
              13.275555534282825
            ],
            [
              100.92510633884078,
              13.275644497437952
            ],
            [
              100.9249011857165,
              13.27573842018016
            ],
            [
              100.92469844744514,
              13.275837245940803
            ],
            [
              100.9244982461412,
              13.275940915198001
            ],
            [
              100.9243007023917,
              13.27604936551245
            ],
            [
              100.92410593518348,
              13.276162531565015
            ],
            [
              100.92391406183161,
              13.276280345196085
            ],
            [
              100.92372519790875,
              13.276402735446585
            ],
            [
              100.92353945717545,
              13.27652962860071
            ],
            [
              100.92335695151175,
              13.276660948230314
            ],
            [
              100.92317779084972,
              13.276796615240931
            ],
            [
              100.92300208310724,
              13.276936547919389
            ],
            [
              100.92282993412309,
              13.277080661983025
            ],
            [
              100.92266144759309,
              13.27722887063043
            ],
            [
              100.92249672500769,
              13.27738108459371
            ],
            [
              100.92233586559085,
              13.277537212192266
            ],
            [
              100.92217896624022,
              13.27769715938796
            ],
            [
              100.92202612146882,
              13.27786082984178
            ],
            [
              100.92187742334809,
              13.278028124971831
            ],
            [
              100.92173296145234,
              13.278198944012711
            ],
            [
              100.92159282280494,
              13.27837318407619
            ],
            [
              100.92145709182573,
              13.27855074021316
            ],
            [
              100.9213258502803,
              13.278731505476854
            ],
            [
              100.92119917723059,
              13.278915370987237
            ],
            [
              100.92107714898731,
              13.279102225996578
            ],
            [
              100.920959839064,
              13.279291957956163
            ],
            [
              100.92084731813264,
              13.279484452584041
            ],
            [
              100.92073965398112,
              13.279679593933881
            ],
            [
              100.92063691147234,
              13.279877264464808
            ],
            [
              100.9205391525052,
              13.28007734511215
            ],
            [
              100.92044643597714,
              13.280279715359187
            ],
            [
              100.9203588177488,
              13.280484253309718
            ],
            [
              100.92027635061024,
              13.280690835761487
            ],
            [
              100.9201990842491,
              13.28089933828037
            ],
            [
              100.92012706522078,
              13.28110963527534
            ],
            [
              100.92006033692017,
              13.281321600074103
            ],
            [
              100.91999893955561,
              13.281535104999374
            ],
            [
              100.91994291012459,
              13.281750021445829
            ],
            [
              100.91989228239146,
              13.28196621995751
            ],
            [
              100.91984708686704,
              13.282183570305843
            ],
            [
              100.91980735079015,
              13.282401941568052
            ],
            [
              100.9197730981113,
              13.28262120220604
            ],
            [
              100.91974434947812,
              13.282841220145606
            ],
            [
              100.91972112222288,
              13.283061862856012
            ],
            [
              100.91970343035207,
              13.28328299742981
            ],
            [
              100.91969128453795,
              13.283504490662898
            ],
            [
              100.91968469211194,
              13.283726209134759
            ],
            [
              100.91968365706038,
              13.283948019288854
            ],
            [
              100.91968818002186,
              13.284169787513035
            ],
            [
              100.91969825828704,
              13.284391380220068
            ],
            [
              100.91971388580004,
              13.28461266392809
            ],
            [
              100.91973505316211,
              13.284833505341028
            ],
            [
              100.91976174763738,
              13.285053771428883
            ],
            [
              100.91979395316031,
              13.285273329507895
            ],
            [
              100.91983165034547,
              13.285492047320453
            ],
            [
              100.9198748164991,
              13.285709793114782
            ],
            [
              100.9199234256328,
              13.285926435724324
            ],
            [
              100.91997744847912,
              13.286141844646739
            ],
            [
              100.92003685250918,
              13.28635589012254
            ],
            [
              100.92010160195224,
              13.286568443213266
            ],
            [
              100.92017165781716,
              13.286779375879167
            ],
            [
              100.92024697791595,
              13.28698856105633
            ],
            [
              100.92032751688907,
              13.287195872733248
            ],
            [
              100.92041322623281,
              13.287401186026731
            ],
            [
              100.92050405432838,
              13.287604377257145
            ],
            [
              100.9205999464731,
              13.287805324022939
            ],
            [
              100.92070084491321,
              13.28800390527437
            ],
            [
              100.92080668887874,
              13.288200001386459
            ],
            [
              100.92091741462005,
              13.28839349423105
            ],
            [
              100.92103295544622,
              13.288584267247996
            ],
            [
              100.9211532417652,
              13.288772205515368
            ],
            [
              100.92127820112569,
              13.288957195818723
            ],
            [
              100.92140775826088,
              13.289139126719297
            ],
            [
              100.92154183513364,
              13.28931788862116
            ],
            [
              100.92168035098362,
              13.289493373837248
            ],
            [
              100.9218232223758,
              13.289665476654248
            ],
            [
              100.92197036325086,
              13.2898340933963
            ],
            [
              100.92212168497693,
              13.289999122487453
            ],
            [
              100.92227709640296,
              13.290160464512878
            ],
            [
              100.92243650391372,
              13.290318022278775
            ],
            [
              100.9225998114861,
              13.290471700870915
            ],
            [
              100.92276692074702,
              13.290621407711857
            ],
            [
              100.92293773103268,
              13.290767052616717
            ],
            [
              100.92311213944916,
              13.2909085478475
            ],
            [
              100.92329004093448,
              13.291045808165993
            ],
            [
              100.92347132832181,
              13.291178750885097
            ],
            [
              100.92365589240413,
              13.291307295918674
            ],
            [
              100.92384362199996,
              13.291431365829789
            ],
            [
              100.92403440402039,
              13.29155088587737
            ],
            [
              100.92422812353718,
              13.291665784061252
            ],
            [
              100.92442466385205,
              13.291775991165553
            ],
            [
              100.92462390656696,
              13.291881440800394
            ],
            [
              100.92482573165547,
              13.291982069441879
            ],
            [
              100.92503001753506,
              13.292077816470403
            ],
            [
              100.92523664114043,
              13.292168624207141
            ],
            [
              100.92544547799753,
              13.292254437948836
            ],
            [
              100.92565640229876,
              13.292335206000736
            ],
            [
              100.9258692869786,
              13.292410879707758
            ],
            [
              100.92608400379028,
              13.2924814134838
            ],
            [
              100.92630042338308,
              13.292546764839198
            ],
            [
              100.92651841538019,
              13.292606894406338
            ],
            [
              100.92673784845734,
              13.292661765963375
            ],
            [
              100.9269585904219,
              13.29271134645606
            ],
            [
              100.92718050829261,
              13.292755606017629
            ],
            [
              100.92740346837967,
              13.292794517986831
            ],
            [
              100.92762733636526,
              13.292828058923979
            ],
            [
              100.92785197738459,
              13.292856208625048
            ],
            [
              100.9280772561071,
              13.292878950133886
            ],
            [
              100.92830303681801,
              13.292896269752392
            ],
            [
              100.92852918350016,
              13.292908157048792
            ],
            [
              100.92875555991593,
              13.292914604863892
            ],
            [
              100.92898202968935,
              13.292915609315418
            ],
            [
              100.92920845638832,
              13.292911169800334
            ],
            [
              100.92943470360682,
              13.292901288995193
            ],
            [
              100.92966063504701,
              13.29288597285454
            ],
            [
              100.92988611460153,
              13.292865230607305
            ],
            [
              100.93011100643542,
              13.292839074751235
            ],
            [
              100.93033517506798,
              13.292807521045363
            ],
            [
              100.93055848545445,
              13.29277058850051
            ],
            [
              100.93078080306739,
              13.292728299367816
            ],
            [
              100.93100199397769,
              13.292680679125322
            ],
            [
              100.93122192493533,
              13.292627756462629
            ],
            [
              100.93144046344966,
              13.292569563263589
            ],
            [
              100.93165747786927,
              13.292506134587095
            ],
            [
              100.93187283746123,
              13.292437508645943
            ],
            [
              100.93208641248997,
              13.292363726783806
            ],
            [
              100.93229807429537,
              13.292284833450315
            ],
            [
              100.93250769537039,
              13.292200876174267
            ],
            [
              100.93271514943778,
              13.292111905534973
            ],
            [
              100.93292031152623,
              13.292017975131802
            ],
            [
              100.93312305804567,
              13.291919141551833
            ],
            [
              100.93332326686173,
              13.291815464335809
            ],
            [
              100.93352081736931,
              13.291707005942197
            ],
            [
              100.93371559056528,
              13.29159383170959
            ],
            [
              100.93390746912013,
              13.29147600981731
            ],
            [
              100.93409633744871,
              13.291353611244336
            ],
            [
              100.93428208177978,
              13.291226709726521
            ],
            [
              100.9344645902247,
              13.291095381712157
            ],
            [
              100.93464375284469,
              13.290959706315919
            ],
            [
              100.93481946171711,
              13.290819765271168
            ],
            [
              100.93499161100051,
              13.29067564288073
            ],
            [
              100.93516009699832,
              13.290527425966074
            ],
            [
              100.93532481822139,
              13.290375203815001
            ],
            [
              100.93548567544902,
              13.29021906812785
            ],
            [
              100.93564257178883,
              13.290059112962236
            ],
            [
              100.93579541273509,
              13.289895434676376
            ],
            [
              100.93594410622556,
              13.289728131871028
            ],
            [
              100.93608856269707,
              13.289557305330085
            ],
            [
              100.93622869513932,
              13.289383057959853
            ],
            [
              100.93636441914741,
              13.28920549472703
            ],
            [
              100.93649565297258,
              13.289024722595487
            ],
            [
              100.93662231757148,
              13.288840850461797
            ],
            [
              100.9367443366537,
              13.288653989089655
            ],
            [
              100.93686163672785,
              13.288464251043106
            ],
            [
              100.93697414714563,
              13.288271750618751
            ],
            [
              100.93708180014451,
              13.288076603776892
            ],
            [
              100.93718453088842,
              13.287878928071644
            ],
            [
              100.93728227750684,
              13.287678842580132
            ],
            [
              100.93737498113204,
              13.287476467830754
            ],
            [
              100.9374625859345,
              13.287271925730549
            ],
            [
              100.93754503915649,
              13.287065339491775
            ],
            [
              100.93762229114387,
              13.286856833557678
            ],
            [
              100.93769429537592,
              13.286646533527515
            ],
            [
              100.93776100849337,
              13.2864345660809
            ],
            [
              100.93782239032444,
              13.286221058901477
            ],
            [
              100.93787840390908,
              13.286006140600016
            ],
            [
              100.93792901552112,
              13.285789940636935
            ],
            [
              100.93797419468858,
              13.28557258924431
            ],
            [
              100.93801391421201,
              13.285354217347434
            ],
            [
              100.9380481501808,
              13.285134956485924
            ],
            [
              100.93807688198761,
              13.284914938734534
            ],
            [
              100.93810009234068,
              13.284694296623533
            ],
            [
              100.9381177672742,
              13.284473163058939
            ],
            [
              100.93812989615678,
              13.284251671242414
            ],
            [
              100.93813647169773,
              13.28402995459106
            ],
            [
              100.93813748995144,
              13.283808146657046
            ]
          ]
        ]
      },
      "properties": {
        "ชื่อร้าน": "อี้จัน สุกี้หม่าล่า",
        "ประเภท": "ชั่งขีด",
        "แหล่งท่องเที่ยว_500m": "พิพิธภัณฑ์สัตว์น้ำบางแสน, แหลมทอง (Laemtong)",
        "แหล่งท่องเที่ยว_1000m": "ไม่มี",
        "buffer_m": 1000
      }
    },
    {
      "type": "Feature",
      "geometry": {
        "type": "Polygon",
        "coordinates": [
          [
            [
              100.9407247860591,
              13.28672646775844
            ],
            [
              100.94072024364753,
              13.286504702573263
            ],
            [
              100.94071014604395,
              13.286283113358513
            ],
            [
              100.94069449934568,
              13.286061833588514
            ],
            [
              100.94067331299244,
              13.285840996550862
            ],
            [
              100.9406465997606,
              13.28562073526612
            ],
            [
              100.94061437575543,
              13.28540118240772
            ],
            [
              100.94057666040142,
              13.285182470222042
            ],
            [
              100.94053347643052,
              13.284964730448761
            ],
            [
              100.94048484986835,
              13.284748094241518
            ],
            [
              100.94043081001864,
              13.28453269208891
            ],
            [
              100.94037138944542,
              13.284318653735921
            ],
            [
              100.94030662395338,
              13.284106108105762
            ],
            [
              100.94023655256635,
              13.283895183222235
            ],
            [
              100.94016121750371,
              13.283686006132633
            ],
            [
              100.94008066415498,
              13.283478702831218
            ],
            [
              100.93999494105233,
              13.283273398183336
            ],
            [
              100.93990409984154,
              13.283070215850255
            ],
            [
              100.93980819525059,
              13.282869278214639
            ],
            [
              100.93970728505698,
              13.282670706306872
            ],
            [
              100.93960143005262,
              13.282474619732191
            ],
            [
              100.9394906940074,
              13.282281136598616
            ],
            [
              100.93937514363064,
              13.282090373445847
            ],
            [
              100.93925484853101,
              13.281902445175094
            ],
            [
              100.9391298811744,
              13.281717464979842
            ],
            [
              100.93900031684048,
              13.28153554427773
            ],
            [
              100.93886623357717,
              13.281356792643432
            ],
            [
              100.93872771215374,
              13.281181317742679
            ],
            [
              100.93858483601204,
              13.281009225267413
            ],
            [
              100.93843769121632,
              13.280840618872146
            ],
            [
              100.93828636640139,
              13.280675600111554
            ],
            [
              100.93813095271912,
              13.280514268379298
            ],
            [
              100.93797154378368,
              13.280356720848198
            ],
            [
              100.93780823561508,
              13.280203052411686
            ],
            [
              100.93764112658128,
              13.28005335562669
            ],
            [
              100.93747031733906,
              13.279907720657892
            ],
            [
              100.93729591077336,
              13.279766235223416
            ],
            [
              100.93711801193523,
              13.279628984542043
            ],
            [
              100.93693672797865,
              13.27949605128185
            ],
            [
              100.93675216809602,
              13.279367515510467
            ],
            [
              100.9365644434523,
              13.279243454646837
            ],
            [
              100.93637366711819,
              13.27912394341461
            ],
            [
              100.93617995400191,
              13.279009053797152
            ],
            [
              100.93598342078012,
              13.278898854994178
            ],
            [
              100.93578418582756,
              13.278793413380109
            ],
            [
              100.93558236914585,
              13.278692792464069
            ],
            [
              100.93537809229116,
              13.27859705285168
            ],
            [
              100.9351714783011,
              13.278506252208533
            ],
            [
              100.93496265162054,
              13.278420445225487
            ],
            [
              100.93475173802675,
              13.278339683585724
            ],
            [
              100.93453886455362,
              13.278264015933624
            ],
            [
              100.93432415941517,
              13.278193487845472
            ],
            [
              100.93410775192841,
              13.278128141802023
            ],
            [
              100.93388977243538,
              13.278068017162903
            ],
            [
              100.93367035222477,
              13.278013150142929
            ],
            [
              100.93344962345279,
              13.277963573790267
            ],
            [
              100.93322771906367,
              13.277919317966557
            ],
            [
              100.93300477270951,
              13.277880409328917
            ],
            [
              100.93278091866992,
              13.277846871313892
            ],
            [
              100.93255629177114,
              13.277818724123328
            ],
            [
              100.9323310273048,
              13.277795984712222
            ],
            [
              100.93210526094653,
              13.277778666778492
            ],
            [
              100.93187912867428,
              13.277766780754723
            ],
            [
              100.93165276668637,
              13.277760333801902
            ],
            [
              100.93142631131956,
              13.277759329805079
            ],
            [
              100.93119989896694,
              13.277763769371033
            ],
            [
              100.93097366599578,
              13.277773649827898
            ],
            [
              100.93074774866547,
              13.27778896522677
            ],
            [
              100.93052228304548,
              13.277809706345282
            ],
            [
              100.93029740493334,
              13.277835860693159
            ],
            [
              100.93007324977302,
              13.27786741251971
            ],
            [
              100.92984995257326,
              13.27790434282334
            ],
            [
              100.92962764782632,
              13.277946629362964
            ],
            [
              100.92940646942705,
              13.277994246671394
            ],
            [
              100.92918655059215,
              13.278047166070682
            ],
            [
              100.92896802378007,
              13.278105355689366
            ],
            [
              100.92875102061122,
              13.278168780481675
            ],
            [
              100.92853567178867,
              13.278237402248601
            ],
            [
              100.92832210701948,
              13.278311179660914
            ],
            [
              100.92811045493664,
              13.278390068284054
            ],
            [
              100.92790084302153,
              13.278474020604838
            ],
            [
              100.92769339752721,
              13.278562986060109
            ],
            [
              100.92748824340235,
              13.278656911067161
            ],
            [
              100.92728550421604,
              13.278755739055994
            ],
            [
              100.92708530208334,
              13.278859410503376
            ],
            [
              100.92688775759174,
              13.278967862968686
            ],
            [
              100.92669298972856,
              13.279081031131511
            ],
            [
              100.92650111580924,
              13.27919884683096
            ],
            [
              100.92631225140681,
              13.279321239106718
            ],
            [
              100.92612651028209,
              13.27944813424176
            ],
            [
              100.92594400431537,
              13.279579455806754
            ],
            [
              100.92576484343887,
              13.27971512470607
            ],
            [
              100.92558913557066,
              13.279855059225397
            ],
            [
              100.92541698654955,
              13.279999175080968
            ],
            [
              100.92524850007139,
              13.280147385470297
            ],
            [
              100.92508377762664,
              13.280299601124444
            ],
            [
              100.92492291843914,
              13.280455730361785
            ],
            [
              100.92476601940642,
              13.280615679143208
            ],
            [
              100.92461317504132,
              13.28077935112874
            ],
            [
              100.924464477415,
              13.280946647735565
            ],
            [
              100.9243200161015,
              13.281117468197394
            ],
            [
              100.92417987812388,
              13.28129170962514
            ],
            [
              100.92404414790154,
              13.281469267068884
            ],
            [
              100.92391290719961,
              13.281650033581059
            ],
            [
              100.92378623507953,
              13.281833900280889
            ],
            [
              100.92366420785149,
              13.282020756419922
            ],
            [
              100.9235468990284,
              13.282210489448756
            ],
            [
              100.92343437928156,
              13.282402985084817
            ],
            [
              100.92332671639818,
              13.282598127381151
            ],
            [
              100.92322397524039,
              13.282795798796311
            ],
            [
              100.92312621770628,
              13.2829958802651
            ],
            [
              100.92303350269245,
              13.283198251270298
            ],
            [
              100.9229458860586,
              13.283402789915245
            ],
            [
              100.92286342059386,
              13.283609372997274
            ],
            [
              100.92278615598487,
              13.283817876081873
            ],
            [
              100.92271413878595,
              13.284028173577674
            ],
            [
              100.9226474123909,
              13.284240138812079
            ],
            [
              100.92258601700694,
              13.284453644107545
            ],
            [
              100.92252998963036,
              13.284668560858519
            ],
            [
              100.92247936402428,
              13.284884759608856
            ],
            [
              100.92243417069822,
              13.28510211012984
            ],
            [
              100.92239443688973,
              13.285320481498587
            ],
            [
              100.92236018654792,
              13.285539742176935
            ],
            [
              100.922331440319,
              13.285759760090656
            ],
            [
              100.92230821553382,
              13.285980402709024
            ],
            [
              100.92229052619741,
              13.286201537124642
            ],
            [
              100.92227838298047,
              13.286423030133506
            ],
            [
              100.92227179321289,
              13.286644748315227
            ],
            [
              100.92227076087937,
              13.286866558113442
            ],
            [
              100.92227528661692,
              13.287088325916212
            ],
            [
              100.92228536771448,
              13.287309918136552
            ],
            [
              100.9223009981145,
              13.287531201292893
            ],
            [
              100.92232216841649,
              13.287752042089485
            ],
            [
              100.92234886588278,
              13.287972307496705
            ],
            [
              100.9223810744461,
              13.288191864831193
            ],
            [
              100.92241877471912,
              13.288410581835793
            ],
            [
              100.92246194400626,
              13.2886283267592
            ],
            [
              100.92251055631722,
              13.288844968435386
            ],
            [
              100.92256458238265,
              13.289060376362569
            ],
            [
              100.92262398967172,
              13.289274420781853
            ],
            [
              100.92268874241174,
              13.289486972755418
            ],
            [
              100.92275880160958,
              13.289697904244175
            ],
            [
              100.92283412507524,
              13.289907088184922
            ],
            [
              100.92291466744716,
              13.290114398566896
            ],
            [
              100.92300038021958,
              13.290319710507683
            ],
            [
              100.92309121177163,
              13.290522900328451
            ],
            [
              100.92318710739858,
              13.290723845628506
            ],
            [
              100.92328800934455,
              13.29092242535898
            ],
            [
              100.92339385683746,
              13.29111851989581
            ],
            [
              100.92350458612556,
              13.291312011111781
            ],
            [
              100.92362013051576,
              13.291502782447731
            ],
            [
              100.92374042041388,
              13.291690718982734
            ],
            [
              100.92386538336649,
              13.291875707503387
            ],
            [
              100.92399494410458,
              13.292057636572006
            ],
            [
              100.92412902458885,
              13.29223639659375
            ],
            [
              100.92426754405678,
              13.292411879882696
            ],
            [
              100.92441041907117,
              13.29258398072669
            ],
            [
              100.92455756357052,
              13.292752595451045
            ],
            [
              100.92470888892075,
              13.292917622481037
            ],
            [
              100.92486430396866,
              13.293078962403067
            ],
            [
              100.9250237150968,
              13.293236518024608
            ],
            [
              100.92518702627991,
              13.293390194432714
            ],
            [
              100.92535413914273,
              13.293539899051266
            ],
            [
              100.92552495301926,
              13.293685541696707
            ],
            [
              100.92569936501343,
              13.293827034632416
            ],
            [
              100.9258772700611,
              13.293964292621547
            ],
            [
              100.92605856099327,
              13.29409723297841
            ],
            [
              100.92624312860082,
              13.294225775618292
            ],
            [
              100.92643086170013,
              13.294349843105694
            ],
            [
              100.92662164720015,
              13.294469360701003
            ],
            [
              100.92681537017056,
              13.294584256405532
            ],
            [
              100.927011913911,
              13.294694461004902
            ],
            [
              100.92721116002133,
              13.294799908110727
            ],
            [
              100.92741298847312,
              13.294900534200648
            ],
            [
              100.92761727768178,
              13.294996278656585
            ],
            [
              100.92782390457997,
              13.295087083801274
            ],
            [
              100.9280327446917,
              13.295172894933016
            ],
            [
              100.92824367220739,
              13.295253660358629
            ],
            [
              100.92845656005959,
              13.295329331424618
            ],
            [
              100.92867127999959,
              13.295399862546468
            ],
            [
              100.9288877026748,
              13.295465211236122
            ],
            [
              100.92910569770655,
              13.29552533812757
            ],
            [
              100.9293251337687,
              13.295580207000581
            ],
            [
              100.92954587866689,
              13.295629784802516
            ],
            [
              100.92976779941802,
              13.295674041668244
            ],
            [
              100.92999076233056,
              13.295712950938137
            ],
            [
              100.93021463308503,
              13.295746489174133
            ],
            [
              100.93043927681494,
              13.295774636173846
            ],
            [
              100.93066455818807,
              13.295797374982744
            ],
            [
              100.93089034148807,
              13.295814691904358
            ],
            [
              100.9311164906962,
              13.295826576508537
            ],
            [
              100.93134286957331,
              13.295833021637721
            ],
            [
              100.93156934174198,
              13.295834023411249
            ],
            [
              100.93179577076863,
              13.295829581227704
            ],
            [
              100.93202202024582,
              13.295819697765248
            ],
            [
              100.9322479538744,
              13.295804378980032
            ],
            [
              100.93247343554563,
              13.29578363410258
            ],
            [
              100.9326983294233,
              13.295757475632223
            ],
            [
              100.9329225000255,
              13.295725919329582
            ],
            [
              100.93314581230624,
              13.295688984207034
            ],
            [
              100.93336813173694,
              13.295646692517284
            ],
            [
              100.93358932438741,
              13.295599069739913
            ],
            [
              100.93380925700659,
              13.29554614456605
            ],
            [
              100.93402779710281,
              13.295487948881068
            ],
            [
              100.9342448130237,
              13.295424517745355
            ],
            [
              100.93446017403544,
              13.295355889373194
            ],
            [
              100.93467375040159,
              13.295282105109731
            ],
            [
              100.93488541346125,
              13.29520320940604
            ],
            [
              100.93509503570657,
              13.295119249792346
            ],
            [
              100.93530249085966,
              13.295030276849387
            ],
            [
              100.9355076539485,
              13.294936344177902
            ],
            [
              100.93571040138247,
              13.294837508366356
            ],
            [
              100.9359106110266,
              13.29473382895683
            ],
            [
              100.93610816227533,
              13.294625368409116
            ],
            [
              100.93630293612506,
              13.294512192063115
            ],
            [
              100.93649481524588,
              13.294394368099416
            ],
            [
              100.93668368405233,
              13.294271967498258
            ],
            [
              100.93686942877287,
              13.294145063996707
            ],
            [
              100.93705193751863,
              13.29401373404426
            ],
            [
              100.93723110035064,
              13.293878056756759
            ],
            [
              100.93740680934616,
              13.29373811386871
            ],
            [
              100.93757895866364,
              13.293593989684043
            ],
            [
              100.9377474446065,
              13.29344577102532
            ],
            [
              100.9379121656856,
              13.293293547181392
            ],
            [
              100.93807302268038,
              13.293137409853616
            ],
            [
              100.93822991869861,
              13.2929774531006
            ],
            [
              100.9383827592347,
              13.292813773281512
            ],
            [
              100.9385314522267,
              13.292646468998045
            ],
            [
              100.93867590811172,
              13.29247564103498
            ],
            [
              100.93881603987984,
              13.292301392299473
            ],
            [
              100.93895176312655,
              13.292123827759056
            ],
            [
              100.93908299610358,
              13.291943054378388
            ],
            [
              100.93920965976805,
              13.29175918105479
            ],
            [
              100.9393316778302,
              13.291572318552669
            ],
            [
              100.93944897679914,
              13.291382579436762
            ],
            [
              100.93956148602734,
              13.29119007800431
            ],
            [
              100.93966913775294,
              13.290994930216222
            ],
            [
              100.93977186714065,
              13.29079725362718
            ],
            [
              100.9398696123208,
              13.290597167314843
            ],
            [
              100.93996231442651,
              13.290394791808106
            ],
            [
              100.94004991762917,
              13.290190249014458
            ],
            [
              100.94013236917202,
              13.289983662146582
            ],
            [
              100.94020961940195,
              13.289775155648096
            ],
            [
              100.9402816217993,
              13.289564855118593
            ],
            [
              100.94034833300591,
              13.289352887237989
            ],
            [
              100.94040971285116,
              13.289139379690187
            ],
            [
              100.94046572437618,
              13.288924461086186
            ],
            [
              100.94051633385607,
              13.288708260886573
            ],
            [
              100.94056151082012,
              13.28849090932357
            ],
            [
              100.94060122807022,
              13.28827253732257
            ],
            [
              100.94063546169716,
              13.288053276423247
            ],
            [
              100.94066419109495,
              13.28783325870038
            ],
            [
              100.94068739897334,
              13.28761261668422
            ],
            [
              100.940705071368,
              13.287391483280716
            ],
            [
              100.94071719764908,
              13.287169991691444
            ],
            [
              100.94072377052746,
              13.286948275333355
            ],
            [
              100.9407247860591,
              13.28672646775844
            ]
          ]
        ]
      },
      "properties": {
        "ชื่อร้าน": "Tawan Malatang Soup",
        "ประเภท": "ชั่งขีด",
        "แหล่งท่องเที่ยว_500m": "ไม่มี",
        "แหล่งท่องเที่ยว_1000m": "พิพิธภัณฑ์สัตว์น้ำบางแสน, แหลมทอง (Laemtong)",
        "buffer_m": 1000
      }
    }
  ]
}